_id,match_id,session_id,context,goalkeeper,shot_result,goal_pos_x,goal_pos_y,shot_id,sensor_type,time,shot_type,team,reaction_time,confirmed,created_at
49d7e97d-4941-4ba4-b262-d1db16c83542,match1,match1,match,Diogo Ribeiro,blocked,0.34,-0.28,topshot_2ddc410254,CamaraBaliza,19:27,6m,opponent,20,True,2026-01-13T22:01:10.876233
f99c6579-61cb-4097-8650-9545493de703,match1,match1,match,Humberto Gomes,post,-1.14,-1.0,topshot_b20fce518a,CamaraBaliza,04:43,6m,opponent,25,True,2026-01-13T22:01:10.876233
8459a8a4-1eb1-4d7b-a049-4d63ed59cd6a,match1,match1,match,Diogo Ribeiro,goal,1.15,0.71,topshot_216c60ea68,CamaraBaliza,27:44,9m,home,21,True,2026-01-13T22:01:10.877237
1d61a091-e2db-4ea8-8367-053fad35fde4,match1,match1,match,Diogo Ribeiro,goal,-0.83,0.46,topshot_b22f54194a,CamaraBaliza,29:36,9m,opponent,30,True,2026-01-13T22:01:10.877237
90fbe589-7b78-4f37-b61c-421242e6082a,match1,match1,match,Diogo Ribeiro,goal,-0.96,-0.57,topshot_38e324a2e1,CamaraBaliza,40:49,9m,opponent,29,True,2026-01-13T22:01:10.877237
cf25a7a3-c68c-43de-9579-7eae9781da99,match1,match1,match,Humberto Gomes,blocked,-0.61,0.4,topshot_4c6c9e37f7,CamaraTopo,08:22,7m,home,29,True,2026-01-13T22:01:10.876233
fd0bf10f-4c4d-4173-b147-d1ecdd1a3424,match1,match1,match,Humberto Gomes,blocked,0.03,-0.09,topshot_7cbc4055a6,CamaraTopo,14:22,9m,home,24,True,2026-01-13T22:01:10.876233
91ec4601-b3e4-4b71-82aa-fee9b60b76fc,match1,match1,match,Humberto Gomes,post,1.5,-0.1,topshot_6f06b1f9d5,CamaraTopo,00:11,6m,home,20,True,2026-01-13T22:01:10.876233
b30feb35-21c6-4346-ab7a-5a76247a160a,match1,match1,match,Diogo Ribeiro,goal,1.42,0.59,topshot_73daeb0ef5,CamaraTopo,49:18,7m,opponent,34,True,2026-01-13T22:01:10.877237
65b66947-1075-40d8-8c0d-319ea47e4076,match1,match1,match,Diogo Ribeiro,defense,0.44,-0.07,topshot_077ffb4b34,CamaraTopo,23:05,9m,home,27,True,2026-01-13T22:01:10.876233
7d918bf8-b7d9-4d99-bbf8-2e0bf013949b,match1,match1,match,Humberto Gomes,miss,-1.03,-1.16,topshot_6ccbfdbe93,CamaraBaliza,09:29,7m,home,24,True,2026-01-13T22:01:10.876233
2fda8600-dd27-4dc7-9b68-f4d2745dc390,match1,match1,match,Humberto Gomes,defense,-0.09,0.06,topshot_6a016504e3,CamaraTopo,09:41,6m,opponent,30,True,2026-01-13T22:01:10.876233
88c64b25-9e3f-48f0-841a-7dd5ca81ded6,match1,match1,match,Diogo Ribeiro,blocked,0.31,-0.29,topshot_f6480bf405,CamaraTopo,03:21,9m,home,29,True,2026-01-13T22:01:10.876233
b0070a70-c519-4b0a-907f-ca667c75baaa,match1,match1,match,Humberto Gomes,miss,0.22,-1.35,topshot_586c874f72,CamaraBaliza,34:02,9m,home,24,True,2026-01-13T22:01:10.877237
3f70012a-ad1a-472e-be31-2483fc6ff008,match1,match1,match,Humberto Gomes,defense,-0.14,0.55,topshot_59e147d4a1,CamaraBaliza,21:46,7m,home,28,True,2026-01-13T22:01:10.876233
6a78c465-5ef3-491d-b324-e07f991e92bc,match1,match1,match,Humberto Gomes,goal,1.38,0.93,topshot_66c9933acb,CamaraTopo,35:00,6m,opponent,32,True,2026-01-13T22:01:10.877237
975041f6-dc2b-486a-9bcd-49390a4db7ae,match1,match1,match,Diogo Ribeiro,blocked,-0.12,-0.59,topshot_0480ba49ce,CamaraBaliza,48:18,6m,home,32,True,2026-01-13T22:01:10.877237
b82c4803-61cd-464e-b0aa-c94efb9ea5c5,match1,match1,match,Diogo Ribeiro,goal,0.12,-0.98,topshot_1566bb7a5d,CamaraBaliza,44:41,6m,opponent,33,True,2026-01-13T22:01:10.877237
fc1ab714-338c-4411-8217-c59159666fdd,match1,match1,match,Humberto Gomes,blocked,-0.07,-0.27,topshot_f87b05d94a,CamaraTopo,24:04,6m,home,23,True,2026-01-13T22:01:10.877237
c7297bf5-d6ef-413b-86d1-52dda89a64fd,match1,match1,match,Diogo Ribeiro,miss,-0.09,1.2,topshot_f238a4720f,CamaraTopo,14:27,9m,home,22,True,2026-01-13T22:01:10.876233
6fc105c5-0147-41a0-8f13-c60199904227,match1,match1,match,Diogo Ribeiro,goal,1.33,0.46,topshot_994df2d6d3,CamaraTopo,38:34,6m,home,31,True,2026-01-13T22:01:10.877237
f041f9d6-521a-42e9-972a-b3fc21421e87,match1,match1,match,Humberto Gomes,defense,-0.08,-0.52,topshot_9e5f52c112,CamaraTopo,29:57,6m,home,30,True,2026-01-13T22:01:10.877237
89919939-1c40-4cfb-9360-e2afe3c211b3,match1,match1,match,Diogo Ribeiro,miss,-0.59,1.25,topshot_4da85ced4d,CamaraTopo,43:04,9m,home,27,True,2026-01-13T22:01:10.877237
aec1785a-1572-44e7-833f-c42c6956e94b,match1,match1,match,Humberto Gomes,goal,1.32,-0.73,topshot_689d11f31f,CamaraTopo,25:42,6m,opponent,30,True,2026-01-13T22:01:10.877237
8687cb4e-3bb5-481d-b0d2-2600bf1cc09c,match1,match1,match,Humberto Gomes,miss,1.66,0.37,topshot_ed899617b0,CamaraBaliza,50:30,6m,opponent,28,True,2026-01-13T22:01:10.877237
baa4013e-3321-4109-9a85-965ff41b9356,match1,match1,match,Humberto Gomes,miss,0.97,-1.07,topshot_73ce85e310,CamaraBaliza,15:05,9m,home,26,True,2026-01-13T22:01:10.876233
b8d3073b-8899-421b-9d28-f86674cb9981,match1,match1,match,Humberto Gomes,defense,-0.52,0.34,topshot_a47fc8746a,CamaraBaliza,44:49,7m,opponent,24,True,2026-01-13T22:01:10.877237
3e425c90-8484-4ef0-a432-2ee24f8a7468,match1,match1,match,Diogo Ribeiro,goal,1.12,0.38,topshot_d3f1ab027c,CamaraTopo,20:24,9m,home,22,True,2026-01-13T22:01:10.876233
f978049c-84fc-485a-b9a6-8b97896cb5cd,match1,match1,match,Diogo Ribeiro,goal,0.28,-0.93,topshot_478f44ef4d,CamaraTopo,35:47,6m,opponent,24,True,2026-01-13T22:01:10.877237
65db044c-74e1-4896-9bd5-bd4f863f7e79,match1,match1,match,Diogo Ribeiro,miss,1.87,0.11,topshot_0d76139997,CamaraBaliza,51:39,7m,home,30,True,2026-01-13T22:01:10.877237
1846ce01-1753-4222-b049-7ca18872aa26,match1,match1,match,Humberto Gomes,goal,0.99,-0.35,topshot_c0f908e552,CamaraBaliza,54:47,6m,home,26,True,2026-01-13T22:01:10.877237
42ca9f9a-417a-4ee0-b264-d0f1059b9e6f,match1,match1,match,Diogo Ribeiro,goal,1.12,0.77,topshot_78b9fd5b20,CamaraTopo,32:20,9m,opponent,32,True,2026-01-13T22:01:10.877237
56783281-c798-4b25-b204-3c0dbd4c6cea,match1,match1,match,Diogo Ribeiro,goal,-1.27,-0.3,topshot_f65a63bde3,CamaraBaliza,13:10,6m,home,30,True,2026-01-13T22:01:10.876233
9e14cfc1-9859-406b-a2d4-4173130ecaf1,match1,match1,match,Humberto Gomes,goal,1.43,0.33,topshot_494a26d2a8,CamaraTopo,30:27,7m,home,32,True,2026-01-13T22:01:10.877237
8212fc49-5658-4c00-8c90-ad2c5f1ce283,match1,match1,match,Humberto Gomes,defense,0.36,-0.51,topshot_f06b7b4416,CamaraBaliza,45:20,7m,opponent,21,True,2026-01-13T22:01:10.877237
dc86b481-5986-4c1d-b02a-b5f144365bbb,match1,match1,match,Diogo Ribeiro,blocked,0.17,-0.65,topshot_5033dc15d0,CamaraTopo,48:24,9m,home,25,True,2026-01-13T22:01:10.877237
d69e2d42-4518-4582-adb3-1da374b978ea,match1,match1,match,Humberto Gomes,goal,1.27,-0.63,topshot_6088856558,CamaraBaliza,57:12,7m,opponent,25,True,2026-01-13T22:01:10.877237
e3d8249a-08ec-446b-81d8-0ad822797fd8,match1,match1,match,Humberto Gomes,goal,-0.14,-0.45,topshot_92e2ea0081,CamaraBaliza,32:02,7m,home,27,True,2026-01-13T22:01:10.877237
55d1c660-3cd4-4689-9ad3-8e705fe35a7b,match1,match1,match,Humberto Gomes,goal,1.45,0.61,topshot_8815817267,CamaraBaliza,17:36,9m,opponent,27,True,2026-01-13T22:01:10.876233
d30615fa-7363-4434-b998-a8bdb504ec06,match1,match1,match,Humberto Gomes,blocked,0.32,-0.07,topshot_67051fc618,CamaraTopo,09:35,9m,opponent,30,True,2026-01-13T22:01:10.876233
9326e890-1c0c-4c88-9f20-8d2fbeccf736,match1,match1,match,Humberto Gomes,post,-1.5,0.26,topshot_da43df69e2,CamaraTopo,35:45,7m,opponent,30,True,2026-01-13T22:01:10.877237
3e2f04d3-3c1f-4d94-9abe-a4c5e372bab0,match1,match1,match,Humberto Gomes,post,-1.5,-0.65,topshot_980ae87469,CamaraTopo,45:43,9m,opponent,21,True,2026-01-13T22:01:10.877237
0304190b-b41b-4a58-a576-11807f91f29e,match1,match1,match,Humberto Gomes,post,0.39,-1.0,topshot_4f2b8ebe82,CamaraTopo,08:17,6m,opponent,22,True,2026-01-13T22:01:10.876233
2128aa07-26af-49eb-b488-eaf311fd928c,match1,match1,match,Humberto Gomes,goal,1.14,0.61,topshot_38f6472697,CamaraBaliza,56:32,7m,home,25,True,2026-01-13T22:01:10.877237
0d5029c3-40bf-4ae4-ab4e-3973b888c6a9,match1,match1,match,Humberto Gomes,blocked,-0.78,-0.53,topshot_1241aa9bea,CamaraBaliza,28:04,7m,home,30,True,2026-01-13T22:01:10.877237
2945155d-5e83-435b-af67-f7f22e19547e,match1,match1,match,Diogo Ribeiro,goal,1.17,-0.97,topshot_a9234dfa9c,CamaraBaliza,06:23,9m,home,20,True,2026-01-13T22:01:10.876233
a47c68e5-115c-4edc-ad40-a80ff39dde9b,match1,match1,match,Humberto Gomes,goal,-0.35,0.37,topshot_7744f2519f,CamaraBaliza,09:10,6m,opponent,30,True,2026-01-13T22:01:10.876233
4af4063f-a786-4919-a5ba-17b1314f6efb,match1,match1,match,Diogo Ribeiro,post,0.11,1.0,topshot_a9aa418d19,CamaraTopo,40:49,9m,home,26,True,2026-01-13T22:01:10.877237
4ad47000-c095-4812-a414-8c4940063214,match1,match1,match,Humberto Gomes,goal,-0.34,-0.47,topshot_f5ca5aa17b,CamaraTopo,53:04,9m,home,24,True,2026-01-13T22:01:10.877237
ecef40c9-fff0-4c20-af9f-b7cf901cbf9f,match1,match1,match,Humberto Gomes,goal,0.13,-0.92,topshot_ebd9e73479,CamaraBaliza,48:57,7m,home,32,True,2026-01-13T22:01:10.877237
104c9afd-eb7e-4b78-8314-1cbd34f86bc2,match1,match1,match,Humberto Gomes,blocked,0.75,-0.31,topshot_9235af2a55,CamaraTopo,37:31,6m,opponent,25,True,2026-01-13T22:01:10.877237
d8aa7a5e-8f40-4270-887f-4028bbcc5b9a,match1,match1,match,Diogo Ribeiro,goal,-1.46,-0.68,topshot_e740896e77,CamaraTopo,14:41,6m,home,25,True,2026-01-13T22:01:10.876233
6c206ce5-52b3-418d-bb81-b5715751c559,match1,match1,match,Diogo Ribeiro,goal,1.15,0.88,topshot_9bf29a525a,CamaraBaliza,59:50,7m,opponent,33,True,2026-01-13T22:01:10.877237
6925a4da-5498-4769-a6c9-dc67649ba894,match1,match1,match,Humberto Gomes,miss,-1.37,-1.07,topshot_e585681d33,CamaraBaliza,46:06,7m,home,28,True,2026-01-13T22:01:10.877237
13d78717-c4fc-40c4-810b-ca753e03808b,match1,match1,match,Diogo Ribeiro,goal,-1.28,-0.4,topshot_205a9a7bc3,CamaraTopo,29:18,9m,home,30,True,2026-01-13T22:01:10.877237
b3cd9497-e3b0-40de-9938-517179e0a29c,match1,match1,match,Humberto Gomes,goal,1.09,0.64,topshot_ecc3b98aee,CamaraTopo,21:43,9m,opponent,27,True,2026-01-13T22:01:10.876233
6f5da5d8-4b52-4f8d-be2a-e86861aa0612,match1,match1,match,Diogo Ribeiro,post,-0.66,-1.0,topshot_cf4a267f6e,CamaraBaliza,53:05,9m,home,33,True,2026-01-13T22:01:10.877237
87a9217b-eafe-41e1-8530-c3858d9c4d39,match1,match1,match,Diogo Ribeiro,goal,1.32,0.63,topshot_9f04a3c044,CamaraBaliza,46:05,7m,opponent,33,True,2026-01-13T22:01:10.877237
ad5bdf1d-28e1-47e5-bc1e-1171bba03d6f,match1,match1,match,Diogo Ribeiro,blocked,0.3,0.3,topshot_0d3982d1bd,CamaraTopo,12:45,6m,opponent,24,True,2026-01-13T22:01:10.876233
1fe879e1-13f4-49dc-8845-eb32db5befed,match1,match1,match,Humberto Gomes,goal,0.93,0.34,topshot_1f87bd1958,CamaraBaliza,06:52,7m,home,27,True,2026-01-13T22:01:10.876233
64d32dda-857d-43dc-8cd1-11aa0ec0d8d3,match1,match1,match,Humberto Gomes,goal,0.91,0.73,topshot_ac46170029,CamaraTopo,55:31,7m,home,31,True,2026-01-13T22:01:10.877237
69e2b319-6d0a-49f7-8650-cd1a9db26b8c,match1,match1,match,Diogo Ribeiro,post,0.86,1.0,topshot_b513be9970,CamaraTopo,22:26,9m,home,20,True,2026-01-13T22:01:10.876233
4b0ffd71-e326-477b-8575-64eadef4c8de,match1,match1,match,Diogo Ribeiro,blocked,-0.64,-0.73,topshot_2d71acd7cc,CamaraTopo,06:42,7m,home,24,True,2026-01-13T22:01:10.876233
a1d13d67-282c-40e8-80c5-d69cc24ff994,match1,match1,match,Diogo Ribeiro,blocked,-0.59,0.06,topshot_7f596735a0,CamaraBaliza,35:56,7m,home,25,True,2026-01-13T22:01:10.877237
ed99b2fb-88f1-4f9b-88f1-249b8fcd2af9,match1,match1,match,Humberto Gomes,defense,-0.59,-0.26,topshot_b3348fb230,CamaraTopo,58:18,7m,home,24,True,2026-01-13T22:01:10.877237
7922d563-2f77-43e6-809a-658fd5fe8439,match1,match1,match,Humberto Gomes,post,1.5,0.25,topshot_36058b9e4d,CamaraTopo,16:11,9m,opponent,20,True,2026-01-13T22:01:10.876233
804c88dc-6eeb-4216-8e4b-a8051abf4388,match1,match1,match,Diogo Ribeiro,blocked,-0.07,-0.3,topshot_03bcbcb755,CamaraBaliza,34:01,6m,home,26,True,2026-01-13T22:01:10.877237
3e8d8027-75b7-4b9e-a5f3-3e5ca439d601,match1,match1,match,Humberto Gomes,goal,0.88,0.65,topshot_003652babc,CamaraBaliza,59:07,7m,opponent,27,True,2026-01-13T22:01:10.877237
c39664ab-d9b6-4266-b537-603269bf955c,match1,match1,match,Humberto Gomes,blocked,-0.69,0.36,topshot_2a1ad32c27,CamaraBaliza,55:06,7m,home,21,True,2026-01-13T22:01:10.877237
80d29f49-0257-4da7-b85f-04b45dc6bb37,match1,match1,match,Diogo Ribeiro,defense,-0.53,0.38,topshot_7c7f9964ce,CamaraTopo,11:56,6m,home,29,True,2026-01-13T22:01:10.876233
d51e17f6-f96b-453e-a9af-828aca6d6f72,match1,match1,match,Humberto Gomes,defense,-0.08,-0.33,topshot_8008292221,CamaraBaliza,30:27,6m,opponent,26,True,2026-01-13T22:01:10.877237
9f4d49eb-3865-4f41-a0b1-04140a8d63e8,match1,match1,match,Humberto Gomes,defense,0.1,0.29,topshot_e18ca31845,CamaraTopo,43:10,9m,home,27,True,2026-01-13T22:01:10.877237
5c3b5fa5-30a2-46df-a6f3-43c669fbfa61,match1,match1,match,Diogo Ribeiro,post,1.5,0.82,topshot_53f7b266e6,CamaraBaliza,41:17,6m,opponent,25,True,2026-01-13T22:01:10.877237
7f9b02a6-51be-42b6-a20b-bc26b5d9cfba,match1,match1,match,Diogo Ribeiro,miss,-0.66,-1.39,topshot_efe22caf01,CamaraBaliza,43:19,9m,home,24,True,2026-01-13T22:01:10.877237
92e3569b-5729-40c0-a644-cacb4a27fdd6,match1,match1,match,Diogo Ribeiro,goal,1.12,0.41,topshot_347c3dd275,CamaraBaliza,55:20,6m,opponent,25,True,2026-01-13T22:01:10.877237
f6285125-20e0-4a5e-b1bf-218ff37f0fe8,match1,match1,match,Diogo Ribeiro,goal,0.85,0.96,topshot_e4fd053a2d,CamaraTopo,33:11,9m,home,29,True,2026-01-13T22:01:10.877237
e619f30f-ef72-4abd-a216-dae034ddf927,match1,match1,match,Diogo Ribeiro,defense,-0.24,0.12,topshot_12726eef91,CamaraBaliza,08:34,9m,opponent,26,True,2026-01-13T22:01:10.876233
40b2f84a-eed8-48a4-8f30-80e3a636bfb4,match1,match1,match,Humberto Gomes,defense,0.35,0.12,topshot_cd302cd4e0,CamaraBaliza,45:03,9m,home,25,True,2026-01-13T22:01:10.877237
a5aada68-f215-424a-bc9b-e486b7f56533,match1,match1,match,Diogo Ribeiro,goal,1.1,0.82,topshot_7276a9ca09,CamaraTopo,03:58,7m,home,25,True,2026-01-13T22:01:10.876233
cd075165-56c0-4a78-a292-1997e84217ac,match1,match1,match,Diogo Ribeiro,miss,1.43,1.18,topshot_701d606ebf,CamaraBaliza,43:54,9m,opponent,22,True,2026-01-13T22:01:10.877237
441014dd-eff1-427f-b1f0-efeafccd2653,match2,match2,match,Humberto Gomes,goal,-0.58,0.64,topshot_29f6e08b02,CamaraBaliza,05:22,9m,opponent,19,True,2026-01-13T22:01:10.890772
8a8bfec6-edf9-4eef-94f9-9f9bce6cdb22,match2,match2,match,Humberto Gomes,goal,-1.32,-0.79,topshot_7738c71d0e,CamaraBaliza,09:48,9m,home,18,True,2026-01-13T22:01:10.890772
22482992-5e39-4571-bbaf-c1aa291e74b9,match2,match2,match,Diogo Ribeiro,post,-1.5,-0.05,topshot_c7c323d821,CamaraTopo,48:08,7m,opponent,20,True,2026-01-13T22:01:10.891776
085d8665-13c6-4da1-8ed3-9b9da5b95bef,match2,match2,match,Humberto Gomes,miss,1.6,0.57,topshot_8ffaf776fc,CamaraTopo,28:01,9m,home,17,True,2026-01-13T22:01:10.891776
f03f216b-e351-48b3-bc0a-909ecb6daa15,match2,match2,match,Diogo Ribeiro,goal,-1.42,0.96,topshot_2adace8b35,CamaraTopo,17:02,7m,home,15,True,2026-01-13T22:01:10.890772
aeaf9993-df10-4662-acf5-6235a7d9cf8e,match2,match2,match,Humberto Gomes,defense,-0.3,0.17,topshot_7c2a9efccb,CamaraTopo,33:25,6m,opponent,17,True,2026-01-13T22:01:10.891776
78029479-b21e-48cf-bcae-0a5225f9d91f,match2,match2,match,Diogo Ribeiro,defense,0.44,-0.25,topshot_1eefb44ce1,CamaraBaliza,55:51,9m,home,22,True,2026-01-13T22:01:10.891776
d95e3fd3-5f73-430d-92d7-7dd979f5e57f,match2,match2,match,Diogo Ribeiro,blocked,0.16,0.51,topshot_b427adb158,CamaraBaliza,08:52,9m,home,18,True,2026-01-13T22:01:10.890772
6077233c-450a-4503-82a7-d960a32f6cf1,match2,match2,match,Diogo Ribeiro,goal,-0.9,-0.96,topshot_df795ca5f0,CamaraTopo,26:29,7m,opponent,17,True,2026-01-13T22:01:10.890772
a9f3af86-1fd2-4362-bdfe-c8a2209f1783,match2,match2,match,Humberto Gomes,defense,0.17,0.38,topshot_7642775dea,CamaraBaliza,36:22,6m,opponent,20,True,2026-01-13T22:01:10.891776
3d35b68b-4aa3-406b-bfcf-a1a5e77b6b9f,match2,match2,match,Diogo Ribeiro,goal,-0.32,-0.83,topshot_e249d540fc,CamaraBaliza,38:11,7m,home,18,True,2026-01-13T22:01:10.891776
e7500ccf-b996-42c4-acd3-108d3157bab2,match2,match2,match,Diogo Ribeiro,blocked,-0.77,0.29,topshot_0ce9fa2b1c,CamaraBaliza,10:45,6m,opponent,15,True,2026-01-13T22:01:10.890772
ef349f1b-06b2-4452-b21e-bbf948f889a9,match2,match2,match,Humberto Gomes,defense,0.38,0.16,topshot_2950bb90a7,CamaraTopo,12:43,7m,opponent,16,True,2026-01-13T22:01:10.890772
ffca3f8f-6086-4e72-a069-2c08648bb2db,match2,match2,match,Diogo Ribeiro,miss,1.89,-0.39,topshot_808838e6d2,CamaraTopo,29:57,9m,opponent,16,True,2026-01-13T22:01:10.891776
d49cb117-c9e3-4014-b464-b3f9b1ff15af,match2,match2,match,Humberto Gomes,miss,0.04,1.32,topshot_3d602e2a50,CamaraBaliza,42:36,7m,opponent,15,True,2026-01-13T22:01:10.891776
166593f1-7f14-4583-8e06-47315a0215b0,match2,match2,match,Humberto Gomes,blocked,0.47,0.57,topshot_2894bb65f4,CamaraTopo,25:58,9m,opponent,19,True,2026-01-13T22:01:10.890772
3e36c025-a97e-4e84-82c6-eaf44628dc5a,match2,match2,match,Diogo Ribeiro,blocked,0.15,0.19,topshot_59d9fb2e93,CamaraBaliza,21:38,6m,home,17,True,2026-01-13T22:01:10.890772
d64af813-e0f6-4849-982d-6460c06310bf,match2,match2,match,Humberto Gomes,blocked,0.76,-0.38,topshot_4dab2f6e5d,CamaraTopo,33:20,6m,home,15,True,2026-01-13T22:01:10.891776
761cf492-8070-4a06-9511-668dbdea7206,match2,match2,match,Diogo Ribeiro,defense,-0.45,0.02,topshot_0a90a5faea,CamaraBaliza,18:47,9m,opponent,18,True,2026-01-13T22:01:10.890772
ca8c35a1-e613-4d59-9c04-26c0a1e745e5,match2,match2,match,Diogo Ribeiro,goal,-1.35,0.42,topshot_c68ce64d0f,CamaraTopo,33:39,9m,home,18,True,2026-01-13T22:01:10.891776
560e4096-9eab-42bc-aa92-2c6b949a45d2,match2,match2,match,Diogo Ribeiro,post,0.31,-1.0,topshot_013641fe53,CamaraBaliza,44:12,7m,home,21,True,2026-01-13T22:01:10.891776
7f70dcab-88e8-47dc-8a00-52096d579823,match2,match2,match,Diogo Ribeiro,goal,-0.44,-0.93,topshot_5c673a4058,CamaraBaliza,40:14,9m,opponent,18,True,2026-01-13T22:01:10.891776
8c64e173-e9b5-42ee-9fa7-3aa10f85653f,match2,match2,match,Humberto Gomes,goal,0.0,-0.45,topshot_422c9a4f19,CamaraBaliza,57:00,6m,home,18,True,2026-01-13T22:01:10.891776
240214da-0233-419e-84e9-d4ad4b0fb402,match2,match2,match,Humberto Gomes,defense,-0.06,-0.22,topshot_69b8f60c4a,CamaraBaliza,26:08,6m,opponent,16,True,2026-01-13T22:01:10.890772
5117143f-df26-4f9b-a605-25b6cdcd2849,match2,match2,match,Diogo Ribeiro,goal,-0.87,-0.71,topshot_b6cd38efb2,CamaraTopo,03:16,6m,opponent,17,True,2026-01-13T22:01:10.890772
6c789404-daa5-4348-8dce-ee623d141a0b,match2,match2,match,Humberto Gomes,goal,-1.43,-1.0,topshot_055eaab7c9,CamaraTopo,15:37,9m,home,18,True,2026-01-13T22:01:10.890772
c42e4efb-55fb-49f0-a57a-64704dcc4f4f,match2,match2,match,Diogo Ribeiro,goal,-0.89,0.43,topshot_9905701a39,CamaraTopo,31:01,9m,home,18,True,2026-01-13T22:01:10.891776
ccdd635d-7cc8-4988-bcd4-704b376f85d0,match2,match2,match,Diogo Ribeiro,goal,-0.35,0.51,topshot_958f25aaef,CamaraBaliza,52:17,7m,opponent,20,True,2026-01-13T22:01:10.891776
2084c9c7-fa5d-442c-a07d-673d11b40d02,match2,match2,match,Diogo Ribeiro,defense,0.12,-0.22,topshot_cb71caa1df,CamaraTopo,28:05,7m,home,19,True,2026-01-13T22:01:10.891776
f19e5583-9ef4-445c-8663-0509c4380ca8,match2,match2,match,Humberto Gomes,goal,1.02,-0.8,topshot_d92980ce25,CamaraBaliza,27:27,6m,opponent,15,True,2026-01-13T22:01:10.890772
d680790d-c230-439f-92fd-8c0d22d1ddca,match2,match2,match,Humberto Gomes,defense,0.08,-0.61,topshot_1d9f7a2b72,CamaraTopo,50:05,9m,home,17,True,2026-01-13T22:01:10.891776
3aa86972-4dce-413f-bc9e-5a94d7e71aeb,match2,match2,match,Diogo Ribeiro,goal,-0.94,-0.84,topshot_bf55ac33f5,CamaraTopo,12:13,6m,opponent,15,True,2026-01-13T22:01:10.890772
db0cfaeb-447b-4529-b50b-385d8a98122f,match2,match2,match,Humberto Gomes,defense,0.34,-0.57,topshot_0fc7d7f231,CamaraTopo,23:51,9m,home,18,True,2026-01-13T22:01:10.890772
de61d08d-c0d9-4151-9d73-3c8561a3d1cd,match2,match2,match,Diogo Ribeiro,defense,-0.31,0.48,topshot_2999fef4eb,CamaraBaliza,59:19,9m,opponent,18,True,2026-01-13T22:01:10.891776
c0453629-784d-4cd1-b4b9-d17df3defde0,match2,match2,match,Humberto Gomes,goal,-1.04,-0.42,topshot_c66fedf03b,CamaraBaliza,22:51,9m,home,19,True,2026-01-13T22:01:10.890772
60b2210e-2368-43ac-87b4-f97f09fe300f,match2,match2,match,Diogo Ribeiro,goal,0.09,-0.41,topshot_b63003e082,CamaraTopo,58:27,9m,home,18,True,2026-01-13T22:01:10.891776
4e56db81-691f-407c-9a6b-eda30ebabfa0,match2,match2,match,Diogo Ribeiro,miss,1.02,-1.44,topshot_dd99538831,CamaraTopo,26:23,9m,home,17,True,2026-01-13T22:01:10.890772
da7467c7-c191-4070-a299-e1a33ee13dea,match2,match2,match,Diogo Ribeiro,defense,-0.09,0.33,topshot_5113bb54ac,CamaraTopo,49:46,9m,opponent,21,True,2026-01-13T22:01:10.891776
7e74e3a6-0d51-4b3a-bbe7-8f41a29739ae,match2,match2,match,Humberto Gomes,goal,-1.33,0.63,topshot_4ebfcc8b55,CamaraTopo,44:59,6m,opponent,19,True,2026-01-13T22:01:10.891776
b16675cf-00a0-462e-83fc-9b93923524f2,match2,match2,match,Diogo Ribeiro,defense,0.02,-0.43,topshot_ca72f220e4,CamaraTopo,55:22,6m,opponent,22,True,2026-01-13T22:01:10.891776
8f84d85c-5412-425b-af58-04fcc74b2331,match2,match2,match,Humberto Gomes,defense,-0.52,0.23,topshot_5b7615e8be,CamaraTopo,25:23,7m,home,19,True,2026-01-13T22:01:10.890772
673adf13-5ed0-4c26-a5f3-d27e3ba1158a,match2,match2,match,Diogo Ribeiro,miss,-1.79,-0.13,topshot_87d2723e33,CamaraTopo,40:16,7m,home,17,True,2026-01-13T22:01:10.891776
cfab9f2b-93a2-4a52-bbce-cf30b38713ef,match2,match2,match,Diogo Ribeiro,goal,-0.93,-0.75,topshot_e150841064,CamaraBaliza,28:15,9m,opponent,15,True,2026-01-13T22:01:10.891776
b98990f0-3183-4337-8ca6-e716d3a88f18,match2,match2,match,Humberto Gomes,goal,-0.94,-0.95,topshot_98e71066ec,CamaraBaliza,15:47,7m,opponent,16,True,2026-01-13T22:01:10.890772
b2c59a44-f659-4fc6-80b3-61a7ce682529,match2,match2,match,Diogo Ribeiro,defense,0.34,0.05,topshot_cc83ec52d6,CamaraBaliza,06:57,6m,home,18,True,2026-01-13T22:01:10.890772
c64957fc-d793-4574-96bb-7c3ab2902f65,match2,match2,match,Humberto Gomes,defense,-0.39,-0.62,topshot_f647457eff,CamaraBaliza,29:41,9m,opponent,17,True,2026-01-13T22:01:10.891776
4c2c17a3-04e4-4ae1-a4bc-eaf78feeaf52,match2,match2,match,Humberto Gomes,blocked,-0.31,-0.14,topshot_c46a719f2e,CamaraBaliza,06:44,7m,opponent,15,True,2026-01-13T22:01:10.890772
c755166d-64a8-4a29-bbbf-dfd2fa19abbf,match2,match2,match,Humberto Gomes,post,0.94,1.0,topshot_769d65eecf,CamaraBaliza,11:20,6m,home,18,True,2026-01-13T22:01:10.890772
32156d6a-43a3-4caf-949d-05ef302e58e0,match2,match2,match,Diogo Ribeiro,defense,-0.19,-0.42,topshot_2430362348,CamaraTopo,00:19,7m,opponent,15,True,2026-01-13T22:01:10.890772
1ae1b6b7-4002-4f05-8602-6dd88744a9d9,match2,match2,match,Humberto Gomes,post,-1.5,-0.88,topshot_3785e63ed7,CamaraBaliza,03:07,9m,opponent,17,True,2026-01-13T22:01:10.890772
32cf208a-4feb-43d5-aa4a-71d43156b7f9,match2,match2,match,Humberto Gomes,post,0.97,-1.0,topshot_dec5f0f663,CamaraBaliza,58:39,9m,home,19,True,2026-01-13T22:01:10.891776
da8aa099-83e4-4db3-9d67-859ee74493d3,match2,match2,match,Diogo Ribeiro,post,-1.5,0.22,topshot_70e454f4b7,CamaraTopo,09:53,9m,home,17,True,2026-01-13T22:01:10.890772
35adec86-b7d0-491c-9666-39d225826045,match2,match2,match,Humberto Gomes,blocked,0.78,-0.41,topshot_be8a00a6c2,CamaraBaliza,20:58,6m,opponent,18,True,2026-01-13T22:01:10.890772
146cc301-9488-4c1c-bd11-27676ffb7b0d,match2,match2,match,Diogo Ribeiro,post,-1.5,-0.94,topshot_fe8cb50235,CamaraBaliza,53:42,6m,opponent,21,True,2026-01-13T22:01:10.891776
adb0872a-5421-4684-abe6-0fb68740a34a,match2,match2,match,Diogo Ribeiro,defense,-0.21,0.6,topshot_75a4eb7bb3,CamaraBaliza,53:32,6m,opponent,21,True,2026-01-13T22:01:10.891776
e1d572f9-216c-49a6-afb5-5a9e15a9617d,match2,match2,match,Humberto Gomes,goal,1.44,-0.78,topshot_5e2065d793,CamaraTopo,20:21,6m,opponent,18,True,2026-01-13T22:01:10.890772
a0ee8409-180c-4610-a9ae-a13ac99d613b,match2,match2,match,Diogo Ribeiro,miss,0.38,1.29,topshot_278009a19a,CamaraTopo,23:00,9m,opponent,15,True,2026-01-13T22:01:10.890772
773026a8-41a5-4fe7-a107-6af8e8c50503,match2,match2,match,Humberto Gomes,defense,-0.52,-0.13,topshot_5f884f34ee,CamaraTopo,58:24,9m,home,22,True,2026-01-13T22:01:10.891776
e3d4e1f9-45cb-498e-ba2e-dc2e6720fb56,match2,match2,match,Diogo Ribeiro,defense,-0.43,-0.08,topshot_d8786c93ae,CamaraBaliza,29:28,6m,opponent,20,True,2026-01-13T22:01:10.891776
2246dc6d-c8c2-4765-aa1a-5792cf57ad18,match2,match2,match,Humberto Gomes,defense,-0.36,-0.42,topshot_3ce675fa8c,CamaraTopo,29:34,9m,opponent,17,True,2026-01-13T22:01:10.891776
ea087a7b-8f84-4e09-93f8-44e3cba52c56,match2,match2,match,Diogo Ribeiro,blocked,-0.54,-0.07,topshot_a5974e7a29,CamaraBaliza,28:07,6m,opponent,15,True,2026-01-13T22:01:10.891776
1d4cde93-01ba-4296-aa0d-9e467dec635d,match2,match2,match,Diogo Ribeiro,miss,-1.71,0.02,topshot_c84c9a56fd,CamaraBaliza,04:23,7m,opponent,19,True,2026-01-13T22:01:10.890772
1726ba40-dd0d-451c-b310-22e821bcc6a7,match2,match2,match,Diogo Ribeiro,goal,-0.87,-0.8,topshot_ea24c7b65d,CamaraBaliza,02:28,6m,home,16,True,2026-01-13T22:01:10.890772
cfe6a098-0b26-4b40-8152-02989c825349,match2,match2,match,Diogo Ribeiro,defense,0.06,-0.22,topshot_4aeef63c9b,CamaraTopo,43:11,7m,home,20,True,2026-01-13T22:01:10.891776
c4a67522-597a-4175-bd90-db6a8f9aa39c,match2,match2,match,Diogo Ribeiro,defense,-0.22,0.07,topshot_f5d2694354,CamaraBaliza,05:08,7m,opponent,15,True,2026-01-13T22:01:10.890772
3b8963fe-c3e6-4f59-bee0-a457c1373769,match2,match2,match,Humberto Gomes,defense,-0.45,-0.11,topshot_15c681ffb4,CamaraTopo,55:36,6m,opponent,21,True,2026-01-13T22:01:10.891776
4848c32f-d373-4c55-a125-1396e8cfb320,match2,match2,match,Humberto Gomes,defense,-0.2,-0.57,topshot_63ce6667db,CamaraTopo,21:15,7m,opponent,15,True,2026-01-13T22:01:10.890772
4c4fc2ef-d3cd-46e2-9988-861908b11515,match2,match2,match,Humberto Gomes,defense,-0.49,0.33,topshot_430ffc205f,CamaraTopo,25:48,7m,home,16,True,2026-01-13T22:01:10.890772
92c1fc23-36e0-4284-84a8-0c8989b4b34d,match2,match2,match,Humberto Gomes,defense,0.46,0.3,topshot_380848d0b9,CamaraBaliza,16:51,9m,home,17,True,2026-01-13T22:01:10.890772
b8b0f06a-753d-436d-ae46-008ff115cdae,match2,match2,match,Humberto Gomes,defense,-0.57,-0.08,topshot_aa2fa7e441,CamaraTopo,42:34,6m,home,17,True,2026-01-13T22:01:10.891776
756c42a5-95a8-4a99-ba03-3e4dbf753c0e,match2,match2,match,Humberto Gomes,post,1.23,-1.0,topshot_d40e8bf38d,CamaraTopo,58:42,9m,opponent,21,True,2026-01-13T22:01:10.891776
58eb58c0-8588-4c88-83e9-7bb07b4f3a4e,match2,match2,match,Diogo Ribeiro,post,1.5,0.25,topshot_c416f7b295,CamaraTopo,28:12,9m,home,16,True,2026-01-13T22:01:10.891776
913bf6ec-d4a5-4bd5-b51e-0851796ad627,match2,match2,match,Diogo Ribeiro,defense,-0.23,0.31,topshot_4b4bef74e4,CamaraTopo,49:21,6m,home,19,True,2026-01-13T22:01:10.891776
69c46ee9-1482-4b91-96c5-7aa544501c28,match2,match2,match,Diogo Ribeiro,blocked,-0.36,0.24,topshot_da8be6c657,CamaraBaliza,10:11,7m,home,17,True,2026-01-13T22:01:10.890772
f32f0e0d-1235-4451-bfbc-29aa6531e036,match2,match2,match,Humberto Gomes,goal,0.14,0.72,topshot_fef3aa3b84,CamaraBaliza,07:56,7m,home,16,True,2026-01-13T22:01:10.890772
b6874360-489a-41f6-87df-63563aea0524,match2,match2,match,Diogo Ribeiro,blocked,0.71,0.72,topshot_883f196454,CamaraBaliza,30:16,6m,opponent,19,True,2026-01-13T22:01:10.891776
ea762d5a-3cc4-4ad6-b7b0-50574c358b82,match2,match2,match,Humberto Gomes,miss,-1.65,0.08,topshot_1fd6e22588,CamaraTopo,10:59,9m,opponent,15,True,2026-01-13T22:01:10.890772
1a4133b8-5e01-4e7f-a901-7dc840995086,match2,match2,match,Humberto Gomes,goal,1.47,-0.86,topshot_ebf07fae01,CamaraTopo,54:10,6m,home,18,True,2026-01-13T22:01:10.891776
97e26694-9b19-4fa6-834e-c28ab0454fe6,match2,match2,match,Diogo Ribeiro,goal,1.3,-0.5,topshot_ebe9b094b0,CamaraTopo,35:49,9m,home,18,True,2026-01-13T22:01:10.891776
1881a854-fb8d-42cf-bacc-1360813273fc,match2,match2,match,Humberto Gomes,goal,0.93,-0.85,topshot_f428440d2f,CamaraTopo,48:35,6m,opponent,19,True,2026-01-13T22:01:10.891776
f6b72b3b-b5f0-4cf3-9ae2-5d618781f365,session1,session1,training,Diogo Ribeiro,miss,-1.96,0.68,topshot_af3a9dd1f7,CamaraTopo,54:13,7m,home,20,True,2026-01-13T22:01:10.903219
e7f31d3c-fae9-4cc0-aace-f394c4df5a27,session1,session1,training,Diogo Ribeiro,defense,1.39,0.55,topshot_f9ec674824,CamaraTopo,23:37,6m,home,21,True,2026-01-13T22:01:10.903219
bfbc7b10-9ebb-45f9-b1ef-88a06cec84b8,session1,session1,training,Diogo Ribeiro,post,-1.22,-1.0,topshot_07331a2c9f,CamaraTopo,08:47,9m,home,19,True,2026-01-13T22:01:10.903219
29c2be4a-850a-4970-a5cd-576c38215d74,session1,session1,training,Diogo Ribeiro,defense,1.02,0.4,topshot_191ebff418,CamaraBaliza,33:08,6m,opponent,19,True,2026-01-13T22:01:10.903219
c80a21da-5a7c-40ec-979a-5e9a0b1368d9,session1,session1,training,Humberto Gomes,defense,-0.35,0.43,topshot_ae8ff27a4e,CamaraTopo,04:59,7m,opponent,19,True,2026-01-13T22:01:10.903219
7709e434-7b68-421d-98e3-908ae7aafa87,session1,session1,training,Humberto Gomes,goal,-1.02,-0.99,topshot_669d49c590,CamaraTopo,57:41,6m,opponent,20,True,2026-01-13T22:01:10.903219
10c82a2b-ee0a-43ec-b156-5c1b7d20395f,session1,session1,training,Diogo Ribeiro,goal,-1.09,-0.52,topshot_ecd8830ec8,CamaraBaliza,09:07,9m,opponent,18,True,2026-01-13T22:01:10.903219
46195aa0-eeb4-46ae-85f8-e3406fc2a948,session1,session1,training,Humberto Gomes,post,-0.28,-1.0,topshot_127fb5b507,CamaraTopo,42:12,9m,home,23,True,2026-01-13T22:01:10.903219
a88b5ba8-986e-433f-8da1-4000a79500f0,session1,session1,training,Diogo Ribeiro,goal,0.8,-0.7,topshot_bdd55b91d3,CamaraTopo,39:49,6m,opponent,27,True,2026-01-13T22:01:10.903219
f1eb5a25-4f46-42ff-afa3-7519b021d7c9,session1,session1,training,Diogo Ribeiro,post,1.5,-0.95,topshot_589f34fd1a,CamaraTopo,58:13,7m,home,25,True,2026-01-13T22:01:10.903219
a89a4715-6408-4859-a15c-53164e7b0d0c,session1,session1,training,Humberto Gomes,goal,0.19,0.67,topshot_57a2ab4c19,CamaraBaliza,18:00,6m,opponent,19,True,2026-01-13T22:01:10.903219
71ca4ed3-47a4-4c00-aea5-6a7e6e70c639,session1,session1,training,Humberto Gomes,blocked,0.08,-0.16,topshot_ea99821365,CamaraTopo,02:25,9m,home,24,True,2026-01-13T22:01:10.902014
c12455c8-3d43-4ea7-820b-5983c49275d5,session1,session1,training,Humberto Gomes,defense,-0.37,-0.03,topshot_957e3e6fff,CamaraBaliza,21:46,6m,home,25,True,2026-01-13T22:01:10.903219
bc8c0bfd-fa2e-4b86-a44f-3db4de84fe48,session1,session1,training,Humberto Gomes,miss,-0.24,-1.01,topshot_9d0d0e7613,CamaraTopo,33:04,7m,home,27,True,2026-01-13T22:01:10.903219
b7ac0d26-b9b2-442e-b86c-fa3473811f02,session1,session1,training,Diogo Ribeiro,defense,0.96,0.56,topshot_c61c57a5ac,CamaraBaliza,45:20,6m,opponent,23,True,2026-01-13T22:01:10.903219
a835e4b6-75bb-44f2-b718-e5df8f1a5a2f,session1,session1,training,Humberto Gomes,defense,1.12,0.59,topshot_197b95172f,CamaraBaliza,55:51,9m,opponent,19,True,2026-01-13T22:01:10.903219
8c1a5c59-f980-4c0c-a8d8-8bdcc635fbce,session1,session1,training,Humberto Gomes,blocked,-0.23,0.02,topshot_8170699d5d,CamaraTopo,56:55,6m,home,26,True,2026-01-13T22:01:10.903219
722cbf34-13b4-4696-b604-d87b3604916e,session1,session1,training,Humberto Gomes,defense,0.92,0.35,topshot_63a239de80,CamaraBaliza,49:04,7m,home,20,True,2026-01-13T22:01:10.903219
da0eb4b0-b466-4997-9662-1889afa67bee,session1,session1,training,Humberto Gomes,miss,1.46,1.11,topshot_f295faeb36,CamaraBaliza,03:07,7m,opponent,21,True,2026-01-13T22:01:10.903219
6781a210-2b14-4b1f-b5bb-6c02fd5b0667,session1,session1,training,Humberto Gomes,goal,0.47,0.39,topshot_2c7e9b6a04,CamaraBaliza,49:41,6m,home,22,True,2026-01-13T22:01:10.903219
7602fd56-29a7-43e9-962c-3926470acf31,session1,session1,training,Humberto Gomes,blocked,-0.2,-0.28,topshot_8f5b0e64ea,CamaraBaliza,54:20,7m,opponent,22,True,2026-01-13T22:01:10.903219
33d224fd-a5ff-4c5e-ba35-7584d9c91516,session1,session1,training,Diogo Ribeiro,goal,-0.9,-0.69,topshot_72cc5d2b72,CamaraBaliza,11:31,9m,home,23,True,2026-01-13T22:01:10.903219
781aabe4-4275-4886-870d-ec9c821c093d,session1,session1,training,Diogo Ribeiro,goal,0.11,-0.39,topshot_5ee7bddd6e,CamaraTopo,54:33,6m,opponent,21,True,2026-01-13T22:01:10.903219
14095241-1acf-4865-8a07-51cfde0998f7,session1,session1,training,Diogo Ribeiro,defense,0.97,0.99,topshot_36fe5c502e,CamaraTopo,08:58,9m,home,18,True,2026-01-13T22:01:10.903219
37f1f706-c834-49d6-a226-621e839c5e75,session1,session1,training,Diogo Ribeiro,blocked,-0.41,-0.14,topshot_3cff7b366a,CamaraBaliza,37:05,6m,opponent,21,True,2026-01-13T22:01:10.903219
6f1d68a7-e080-4811-9fb0-eb94f3ef1def,session1,session1,training,Humberto Gomes,defense,1.45,0.55,topshot_cd479cf412,CamaraBaliza,35:05,9m,home,21,True,2026-01-13T22:01:10.903219
63d21a8b-f0fb-4a67-9c29-62fd4e0cc8b2,session1,session1,training,Humberto Gomes,goal,-0.35,-0.37,topshot_1240dda756,CamaraTopo,29:22,7m,opponent,23,True,2026-01-13T22:01:10.903219
1de79085-e2c9-4c77-83aa-e049e0aea100,session1,session1,training,Humberto Gomes,goal,0.26,0.43,topshot_87a3697fb8,CamaraBaliza,35:00,9m,home,21,True,2026-01-13T22:01:10.903219
d9877c3b-b6e3-403e-a114-c82a87bfd530,session1,session1,training,Diogo Ribeiro,miss,0.44,1.3,topshot_6170b6da0b,CamaraBaliza,45:35,6m,opponent,25,True,2026-01-13T22:01:10.903219
2d21191f-d6a4-4a48-9a9f-ad5c90052443,session1,session1,training,Diogo Ribeiro,miss,1.33,-1.2,topshot_f019e0bedb,CamaraBaliza,54:02,9m,home,23,True,2026-01-13T22:01:10.903219
c843042c-4c6f-456d-b49f-c5e5852b69af,session1,session1,training,Humberto Gomes,miss,1.95,-0.3,topshot_24c6021999,CamaraTopo,27:29,9m,home,22,True,2026-01-13T22:01:10.903219
5b259c3d-5013-4d7d-a597-f3e885b7e5ae,session1,session1,training,Humberto Gomes,blocked,0.58,-0.65,topshot_a82d62cf1f,CamaraBaliza,22:51,6m,home,26,True,2026-01-13T22:01:10.903219
3747f81c-2892-4fec-a5c0-7665859c7bea,session1,session1,training,Humberto Gomes,blocked,-0.65,-0.17,topshot_8374874e7a,CamaraBaliza,59:34,6m,home,25,True,2026-01-13T22:01:10.903219
9cd22b98-9a89-4661-b363-f18b44631359,session1,session1,training,Humberto Gomes,goal,-0.25,-0.31,topshot_92f3f053e6,CamaraBaliza,47:57,7m,home,23,True,2026-01-13T22:01:10.903219
ba92bae2-262c-4c7b-9769-edf292d0b648,session1,session1,training,Humberto Gomes,goal,1.0,-0.7,topshot_0016029f9b,CamaraBaliza,10:08,7m,home,20,True,2026-01-13T22:01:10.903219
feb68462-7acd-41ed-91b0-5c11eca035ce,session1,session1,training,Diogo Ribeiro,post,1.5,0.46,topshot_d62d1c1bf6,CamaraBaliza,59:16,6m,opponent,29,True,2026-01-13T22:01:10.903219
e8f70e1e-980c-42f2-b4e0-f9b39d2878a1,session1,session1,training,Diogo Ribeiro,blocked,-0.17,0.33,topshot_a8cd1e2e18,CamaraBaliza,31:13,7m,opponent,25,True,2026-01-13T22:01:10.903219
3773cd0e-3c88-4d9e-aba5-e3cdc605f3f0,session1,session1,training,Humberto Gomes,goal,0.98,-0.4,topshot_ad7dad4d0b,CamaraTopo,08:05,9m,home,24,True,2026-01-13T22:01:10.903219
4aa9cff6-294a-4261-bb8e-cab3b249c5ee,session1,session1,training,Humberto Gomes,defense,-0.4,-0.04,topshot_c4f152e6bb,CamaraTopo,53:11,9m,home,21,True,2026-01-13T22:01:10.903219
49214bdc-5f86-44c0-ae92-a3b12f57e6e3,session1,session1,training,Diogo Ribeiro,post,-0.64,1.0,topshot_6b9dca72d3,CamaraTopo,53:38,9m,home,29,True,2026-01-13T22:01:10.903219
dd6f324b-3e31-4c81-bbdf-bcc4adac4ef0,session1,session1,training,Diogo Ribeiro,goal,0.86,-0.69,topshot_5f1a747139,CamaraBaliza,40:08,9m,home,24,True,2026-01-13T22:01:10.903219
0ff9213f-bffa-474a-943a-57269eef8f92,session1,session1,training,Humberto Gomes,blocked,-0.2,0.31,topshot_542fe06466,CamaraTopo,41:23,6m,opponent,25,True,2026-01-13T22:01:10.903219
fefd9dcd-4ecc-4316-9d28-4f809fc7f0d7,session1,session1,training,Diogo Ribeiro,miss,1.8,0.54,topshot_ae53cc6ecc,CamaraBaliza,28:10,9m,home,20,True,2026-01-13T22:01:10.903219
a566b037-edf1-44e5-b72a-609e90c0e93e,session1,session1,training,Diogo Ribeiro,blocked,0.34,0.08,topshot_071cce29cb,CamaraBaliza,28:30,6m,home,21,True,2026-01-13T22:01:10.903219
d9a09771-b36c-4fc3-98b3-66aa0131f57e,session1,session1,training,Diogo Ribeiro,blocked,-0.4,-0.17,topshot_7fa91b6dc7,CamaraBaliza,10:13,7m,opponent,20,True,2026-01-13T22:01:10.903219
430a9f95-b8f6-479d-8369-58a2423f3e6e,session1,session1,training,Diogo Ribeiro,goal,-0.93,0.85,topshot_54def16bef,CamaraBaliza,51:04,6m,opponent,27,True,2026-01-13T22:01:10.903219
39c2b972-8ee1-47ae-bf61-5ffd2b5b9b11,session1,session1,training,Humberto Gomes,goal,1.32,-0.99,topshot_0faaf93fcc,CamaraBaliza,18:23,9m,home,18,True,2026-01-13T22:01:10.903219
ed7f66cc-ceb4-4fd0-94e2-4cd306fe97fc,session1,session1,training,Humberto Gomes,goal,-0.81,-0.46,topshot_288df97776,CamaraBaliza,53:08,7m,opponent,27,True,2026-01-13T22:01:10.903219
cc26a2a3-a41e-4822-ae37-b4fe82eafcf2,session1,session1,training,Diogo Ribeiro,goal,1.48,-1.0,topshot_d9b75ecac3,CamaraTopo,31:56,7m,home,21,True,2026-01-13T22:01:10.903219
e74be60d-d422-4386-9f8a-ab7ba203351e,session1,session1,training,Diogo Ribeiro,post,-0.94,-1.0,topshot_1cb1e73882,CamaraTopo,17:23,7m,opponent,25,True,2026-01-13T22:01:10.903219
e932f332-3999-4361-919c-8ff2f16c9d4e,session1,session1,training,Humberto Gomes,defense,1.29,0.41,topshot_42e9c7b8c9,CamaraTopo,47:27,6m,home,28,True,2026-01-13T22:01:10.903219
78c8bb4c-2210-4034-9bf5-e743bfcf1a98,session1,session1,training,Humberto Gomes,blocked,-0.36,0.07,topshot_81eea2af9c,CamaraBaliza,33:42,9m,home,22,True,2026-01-13T22:01:10.903219
17413d1a-267d-4ef1-aa35-bbc6d99e5ae6,session1,session1,training,Humberto Gomes,goal,-0.48,-0.35,topshot_bf0070405b,CamaraBaliza,04:48,7m,opponent,18,True,2026-01-13T22:01:10.903219
10ab7a81-b482-4a40-9977-f8583f44cc15,session1,session1,training,Diogo Ribeiro,goal,-0.17,-0.68,topshot_2641bc1c15,CamaraTopo,06:05,7m,opponent,22,True,2026-01-13T22:01:10.903219
358dbb72-3a4c-4ccc-bef2-92e199565d2f,session1,session1,training,Diogo Ribeiro,blocked,-0.17,-0.05,topshot_89813e975c,CamaraTopo,25:58,7m,home,23,True,2026-01-13T22:01:10.903219
9d5c9789-663e-436a-bf92-1ea71c3b06c3,session1,session1,training,Humberto Gomes,defense,0.94,0.92,topshot_316d9de11f,CamaraBaliza,34:00,6m,home,27,True,2026-01-13T22:01:10.903219
67623181-ffa8-4eeb-a012-44c74c906ab7,session1,session1,training,Humberto Gomes,goal,0.22,1.0,topshot_162868d4f9,CamaraTopo,08:08,6m,home,24,True,2026-01-13T22:01:10.903219
a43e6c24-8220-4abe-8ee9-5bec03f7f092,session1,session1,training,Diogo Ribeiro,miss,1.66,0.34,topshot_f876f5fc67,CamaraTopo,24:54,9m,opponent,23,True,2026-01-13T22:01:10.903219
aeca77a1-44f2-4fb4-b493-14db6e595f2a,session1,session1,training,Humberto Gomes,blocked,-0.06,0.3,topshot_29a8cd105d,CamaraTopo,09:29,9m,opponent,24,True,2026-01-13T22:01:10.903219
393a9b00-3b4a-4a1b-b33f-3fa72b54e89f,session1,session1,training,Humberto Gomes,post,-0.14,-1.0,topshot_eaaff3efb7,CamaraBaliza,53:27,6m,home,22,True,2026-01-13T22:01:10.903219
4afe58c7-6961-4bfc-9bf9-48171eb4fc22,session1,session1,training,Diogo Ribeiro,miss,-1.78,-0.36,topshot_df6bbb629d,CamaraTopo,41:17,9m,opponent,26,True,2026-01-13T22:01:10.903219
3b9894fa-6d2c-42fe-a430-1d5d6b3d36b2,session1,session1,training,Humberto Gomes,goal,1.22,-0.95,topshot_66bc2cabde,CamaraBaliza,25:03,7m,home,19,True,2026-01-13T22:01:10.903219
32f7e036-865e-4bbe-aefa-88ca16b4a78d,session1,session1,training,Diogo Ribeiro,goal,0.55,-0.93,topshot_b11fde09b7,CamaraTopo,36:10,6m,opponent,27,True,2026-01-13T22:01:10.903219
53d0acbf-fc3e-43b4-9a8b-95c5900a00ab,session1,session1,training,Diogo Ribeiro,miss,1.43,1.27,topshot_b2ba7e0ca2,CamaraTopo,26:56,7m,opponent,22,True,2026-01-13T22:01:10.903219
8040589d-c8f7-4c10-b2bf-a5e88856af1c,session1,session1,training,Humberto Gomes,defense,1.44,0.79,topshot_94fc5b4546,CamaraTopo,04:08,7m,opponent,22,True,2026-01-13T22:01:10.903219
ef815cab-5c1f-406a-aaea-d9e9f4c2e28e,session1,session1,training,Humberto Gomes,goal,0.86,-0.67,topshot_2549477ccf,CamaraBaliza,16:48,6m,opponent,21,True,2026-01-13T22:01:10.903219
b0d96b79-b6d9-400a-9199-50ae03f4aeb2,session1,session1,training,Diogo Ribeiro,post,0.36,1.0,topshot_303a3eb5ec,CamaraBaliza,07:50,7m,home,18,True,2026-01-13T22:01:10.903219
0db21de8-473c-4c4e-82a7-fd6d1d71f9e3,session1,session1,training,Diogo Ribeiro,goal,0.05,0.62,topshot_77e49b5404,CamaraBaliza,00:57,9m,opponent,18,True,2026-01-13T22:01:10.902014
5252f6dc-e627-4398-8d65-7e7dc86f01ee,session1,session1,training,Humberto Gomes,goal,0.15,-0.31,topshot_6dc19c859a,CamaraBaliza,22:45,9m,opponent,19,True,2026-01-13T22:01:10.903219
068db166-b863-4a5a-a3d5-35e0e8712cd7,session1,session1,training,Humberto Gomes,blocked,0.02,-0.17,topshot_b37241c9bb,CamaraTopo,26:41,7m,opponent,26,True,2026-01-13T22:01:10.903219
bb22f017-2b04-49c4-9ce2-1264e9f70ff0,session1,session1,training,Diogo Ribeiro,goal,0.96,-0.82,topshot_8fd2d7d350,CamaraTopo,54:57,7m,opponent,25,True,2026-01-13T22:01:10.903219
1f919ac8-569b-4b86-befb-898fed4a377f,session1,session1,training,Humberto Gomes,goal,0.81,-0.49,topshot_a99c12602e,CamaraTopo,44:59,7m,home,25,True,2026-01-13T22:01:10.903219
d3279153-43a7-486b-ab5a-9cd98c86c514,session1,session1,training,Diogo Ribeiro,post,-1.5,-0.16,topshot_94330166e4,CamaraTopo,14:19,9m,home,18,True,2026-01-13T22:01:10.903219
a48890dd-3586-45c6-a301-f5ac6c0da281,session1,session1,training,Humberto Gomes,defense,1.0,0.34,topshot_55eaf2c475,CamaraTopo,58:34,7m,home,27,True,2026-01-13T22:01:10.903219
8cf7d9cd-c28a-4a26-815c-ec17860ef622,session1,session1,training,Humberto Gomes,defense,0.32,-0.6,topshot_10e88db102,CamaraBaliza,58:59,7m,home,27,True,2026-01-13T22:01:10.903219
8c7a9af1-8af1-4c97-ac2a-887ef10fb5c5,session1,session1,training,Diogo Ribeiro,goal,0.84,-0.36,topshot_472efae8e2,CamaraBaliza,56:47,9m,home,29,True,2026-01-13T22:01:10.903219
c69aafb2-7910-4ffd-a70d-8aa5dcf3881b,session1,session1,training,Diogo Ribeiro,post,-1.5,0.29,topshot_0e9d553b8c,CamaraBaliza,42:41,7m,home,20,True,2026-01-13T22:01:10.903219
1a4c8913-b944-4c59-8467-37266921e46f,session1,session1,training,Diogo Ribeiro,defense,1.21,0.31,topshot_a9cbfa41f9,CamaraBaliza,19:14,7m,opponent,20,True,2026-01-13T22:01:10.903219
00e30d86-632b-4e5d-b6b3-ae172ece3ba2,session1,session1,training,Humberto Gomes,defense,0.96,0.91,topshot_12fa741227,CamaraTopo,10:54,9m,opponent,25,True,2026-01-13T22:01:10.903219
9160db87-73ec-476f-ad7c-e3b6d355ca82,session1,session1,training,Humberto Gomes,blocked,0.29,0.43,topshot_e5db4ef131,CamaraTopo,01:11,9m,home,25,True,2026-01-13T22:01:10.902014
3d58bc9d-6fe3-4120-8bba-bcb8e39c4f52,session2,session2,training,Humberto Gomes,goal,0.58,0.84,topshot_65f30dddad,CamaraTopo,49:13,6m,home,18,True,2026-01-13T22:01:10.915618
f81d9441-f80d-4b12-90b4-719e98b81884,session2,session2,training,Diogo Ribeiro,goal,-0.0,0.28,topshot_3da3ace5bd,CamaraBaliza,14:21,6m,opponent,22,True,2026-01-13T22:01:10.914619
f3b53e25-244b-4318-858c-bacc02c5d020,session2,session2,training,Diogo Ribeiro,blocked,0.44,0.05,topshot_5f6723961d,CamaraBaliza,20:48,6m,home,20,True,2026-01-13T22:01:10.915618
bf5cb53f-df8a-4916-b31f-71bf7f113c66,session2,session2,training,Diogo Ribeiro,goal,-1.12,0.69,topshot_eb66f06cc6,CamaraBaliza,57:20,9m,home,22,True,2026-01-13T22:01:10.915618
a55688df-e2c5-4317-937b-9e622c7b3847,session2,session2,training,Humberto Gomes,goal,-1.32,0.62,topshot_41b4cbeecf,CamaraBaliza,42:52,9m,opponent,21,True,2026-01-13T22:01:10.915618
65102955-451c-4bf0-9b37-88efb03b5895,session2,session2,training,Diogo Ribeiro,defense,1.46,0.41,topshot_462a7dede6,CamaraTopo,04:43,9m,home,19,True,2026-01-13T22:01:10.914619
34cd0b01-16a9-41bc-a1a4-40e96b65dd95,session2,session2,training,Humberto Gomes,miss,1.01,1.48,topshot_47159ac132,CamaraBaliza,47:51,9m,home,20,True,2026-01-13T22:01:10.915618
0a448729-dad4-4eda-b2d9-978e5606f9a2,session2,session2,training,Diogo Ribeiro,goal,-0.35,0.64,topshot_0c9c747c18,CamaraTopo,38:46,9m,opponent,23,True,2026-01-13T22:01:10.915618
b040511b-cf17-4378-9b3e-4330b9a25c44,session2,session2,training,Diogo Ribeiro,miss,1.14,-1.25,topshot_15d24d5da2,CamaraTopo,29:10,6m,home,19,True,2026-01-13T22:01:10.915618
3514ae40-92bd-4282-9c51-02befdcd26e5,session2,session2,training,Humberto Gomes,goal,1.04,-0.94,topshot_06e1727f07,CamaraBaliza,02:05,7m,opponent,20,True,2026-01-13T22:01:10.914619
005e1115-03c8-4dc6-84db-c73b7c08b3f3,session2,session2,training,Diogo Ribeiro,blocked,0.4,-0.01,topshot_3a70011823,CamaraTopo,14:46,6m,opponent,17,True,2026-01-13T22:01:10.914619
99c4d310-ac3b-4da5-ae2b-f3e2faad04ab,session2,session2,training,Diogo Ribeiro,defense,1.03,0.37,topshot_acd0d04dac,CamaraTopo,29:46,9m,opponent,20,True,2026-01-13T22:01:10.915618
eca0df2f-d7f0-48c2-8dbf-9e8b92758e2c,session2,session2,training,Diogo Ribeiro,defense,0.39,-0.05,topshot_045f6e0822,CamaraTopo,31:52,9m,home,22,True,2026-01-13T22:01:10.915618
5e4f5afd-1713-41a2-a248-66c65da72351,session2,session2,training,Diogo Ribeiro,defense,1.37,0.89,topshot_d1e8ec7330,CamaraBaliza,34:06,7m,opponent,22,True,2026-01-13T22:01:10.915618
45697767-a20f-4317-b18d-a6fd57fd00ff,session2,session2,training,Diogo Ribeiro,post,1.5,0.37,topshot_ae739bf217,CamaraBaliza,37:35,9m,opponent,19,True,2026-01-13T22:01:10.915618
f454a6de-209a-4844-98ab-a5be95c54bc5,session2,session2,training,Humberto Gomes,defense,-0.02,-0.25,topshot_ef314fdbbe,CamaraBaliza,32:40,7m,home,20,True,2026-01-13T22:01:10.915618
75ce729a-221a-4fac-9e9f-393329a8e42c,session2,session2,training,Humberto Gomes,defense,1.39,0.58,topshot_72ac36244d,CamaraBaliza,47:13,7m,opponent,26,True,2026-01-13T22:01:10.915618
aaaa6eb3-b1ad-4bc8-a9f8-421820552eb3,session2,session2,training,Diogo Ribeiro,goal,-0.04,-1.0,topshot_e6706fe810,CamaraBaliza,07:16,7m,opponent,22,True,2026-01-13T22:01:10.914619
18e0561e-c0ce-4601-83c9-79862f2d4083,session2,session2,training,Humberto Gomes,defense,0.46,0.34,topshot_27d2a2ee7e,CamaraTopo,50:29,6m,home,21,True,2026-01-13T22:01:10.915618
2fec9490-365f-4375-b644-68403e7a4987,session2,session2,training,Humberto Gomes,goal,-1.5,-0.93,topshot_e3531c86e6,CamaraBaliza,14:23,6m,home,20,True,2026-01-13T22:01:10.914619
ac3610e5-94de-41c7-8670-88eb6d6f2ae4,session2,session2,training,Diogo Ribeiro,post,1.5,-0.15,topshot_bd67d7f0b4,CamaraBaliza,43:24,7m,opponent,19,True,2026-01-13T22:01:10.915618
4350004f-3b61-4acc-a7a3-7d6a3fe70d3b,session2,session2,training,Humberto Gomes,goal,0.54,-0.38,topshot_5f5979aeed,CamaraTopo,41:49,7m,home,22,True,2026-01-13T22:01:10.915618
576d198a-e9ba-4c84-9473-b65c248e7b94,session2,session2,training,Diogo Ribeiro,defense,0.84,0.92,topshot_1cbe7b2e7a,CamaraBaliza,52:45,9m,opponent,26,True,2026-01-13T22:01:10.915618
c2856a7d-04ba-4342-ac70-5fab70b5195c,session2,session2,training,Humberto Gomes,defense,0.85,0.64,topshot_11ee6fce95,CamaraBaliza,24:43,7m,opponent,17,True,2026-01-13T22:01:10.915618
28c3ef03-b09b-49a7-bcad-42413988c0e6,session2,session2,training,Humberto Gomes,defense,1.41,0.65,topshot_91ea2920b2,CamaraTopo,22:39,9m,home,17,True,2026-01-13T22:01:10.915618
4846231e-f781-4413-bdf2-add892db2208,session2,session2,training,Diogo Ribeiro,miss,1.87,-0.09,topshot_5812bd7981,CamaraTopo,58:31,6m,home,18,True,2026-01-13T22:01:10.915618
f34f3954-b5a8-44cd-b6a0-afd83ed220b9,session2,session2,training,Humberto Gomes,post,1.5,0.51,topshot_1414c7ebe2,CamaraBaliza,58:35,9m,opponent,18,True,2026-01-13T22:01:10.915618
ba140525-79f4-4bc4-99bb-d3a84be45522,session2,session2,training,Diogo Ribeiro,goal,0.84,-0.45,topshot_05bbb128da,CamaraBaliza,40:43,7m,opponent,20,True,2026-01-13T22:01:10.915618
5d62f982-1dd3-4a0b-a8e8-022fb0757480,session2,session2,training,Humberto Gomes,goal,0.4,-0.47,topshot_7f675319dd,CamaraBaliza,03:32,7m,opponent,21,True,2026-01-13T22:01:10.914619
faf25a83-db07-4540-9f01-1df3c1ce50d4,session2,session2,training,Humberto Gomes,blocked,-0.47,-0.13,topshot_a56074c18d,CamaraTopo,51:20,7m,home,25,True,2026-01-13T22:01:10.915618
abdb0601-5d3f-4b26-bed8-19f654f5df87,session2,session2,training,Diogo Ribeiro,goal,-1.48,-0.44,topshot_5c01b3a5f9,CamaraTopo,04:07,6m,opponent,19,True,2026-01-13T22:01:10.914619
38199093-4830-4509-b7f7-71f67766f410,session2,session2,training,Humberto Gomes,goal,-1.4,-0.83,topshot_8e92182227,CamaraBaliza,42:17,7m,opponent,22,True,2026-01-13T22:01:10.915618
cdebf3f5-30d6-4b45-84de-14547954aacc,session2,session2,training,Humberto Gomes,blocked,-0.26,0.13,topshot_5771f32c6c,CamaraBaliza,08:02,9m,home,19,True,2026-01-13T22:01:10.914619
e82bcc0a-9370-4c62-b838-a9806e61f50c,session2,session2,training,Diogo Ribeiro,blocked,0.14,-0.12,topshot_512702449f,CamaraTopo,11:09,7m,opponent,17,True,2026-01-13T22:01:10.914619
ec18b882-dac8-43ae-b490-d25749ab4435,session2,session2,training,Humberto Gomes,defense,1.04,0.48,topshot_1016b037cd,CamaraTopo,30:29,6m,opponent,23,True,2026-01-13T22:01:10.915618
45e22162-e338-4691-867d-20512a0910ed,session2,session2,training,Humberto Gomes,defense,1.2,0.5,topshot_b7107ca525,CamaraBaliza,25:48,6m,opponent,21,True,2026-01-13T22:01:10.915618
37236e91-d19b-45c3-84c3-5f5fa06057bd,session2,session2,training,Humberto Gomes,goal,-0.01,0.63,topshot_2ffdd71a19,CamaraBaliza,54:50,7m,opponent,19,True,2026-01-13T22:01:10.915618
3b7a1a1a-558c-428b-838c-708406cd5601,session2,session2,training,Diogo Ribeiro,miss,-1.44,-1.16,topshot_e41f4cff6c,CamaraBaliza,23:34,6m,home,18,True,2026-01-13T22:01:10.915618
a7f17023-bf68-4200-9119-eb92912df017,session2,session2,training,Humberto Gomes,goal,0.87,-0.58,topshot_fda72fa7ba,CamaraTopo,27:01,6m,opponent,18,True,2026-01-13T22:01:10.915618
09227c0d-5e77-47c4-840a-b423467e5be6,session2,session2,training,Diogo Ribeiro,blocked,-0.76,0.29,topshot_be92463106,CamaraBaliza,19:39,6m,opponent,17,True,2026-01-13T22:01:10.915618
de84d19c-7b55-4a39-9242-bbd8931b7eaa,session2,session2,training,Humberto Gomes,blocked,-0.74,-0.65,topshot_a6a70cd233,CamaraTopo,31:16,6m,opponent,18,True,2026-01-13T22:01:10.915618
31ca437b-3d43-4f34-a300-843bb6f1f846,session2,session2,training,Diogo Ribeiro,defense,1.28,0.96,topshot_6395068013,CamaraBaliza,41:24,9m,home,19,True,2026-01-13T22:01:10.915618
bc91e45f-6707-46a3-be43-ced087990a93,session2,session2,training,Humberto Gomes,post,0.99,-1.0,topshot_0b0aad4555,CamaraBaliza,49:34,7m,home,24,True,2026-01-13T22:01:10.915618
78c63d3b-4eca-4b80-a902-a83a36ae1b10,session2,session2,training,Diogo Ribeiro,defense,0.82,0.31,topshot_a394efa2ce,CamaraBaliza,14:31,6m,opponent,19,True,2026-01-13T22:01:10.914619
7a8395fc-ac32-4c59-ae3c-769d436689ee,session2,session2,training,Diogo Ribeiro,defense,0.91,0.42,topshot_161e3cbf8a,CamaraTopo,35:58,6m,home,21,True,2026-01-13T22:01:10.915618
a127512e-41a8-48d6-ad02-f0023c1d6fc6,session2,session2,training,Humberto Gomes,goal,-0.87,-0.3,topshot_732424557f,CamaraBaliza,12:23,7m,home,18,True,2026-01-13T22:01:10.914619
d0bc8c4f-bee8-4126-a1d0-17ee8f6f0f5f,session2,session2,training,Humberto Gomes,miss,-1.69,-0.53,topshot_8799265f81,CamaraBaliza,27:42,7m,opponent,18,True,2026-01-13T22:01:10.915618
5c12e430-deb4-470f-b54e-d0a02022d9f7,session2,session2,training,Diogo Ribeiro,goal,-1.4,-0.78,topshot_6157371973,CamaraTopo,04:10,9m,opponent,19,True,2026-01-13T22:01:10.914619
c28eafeb-a0ba-429e-bb1f-b7e7f60d7a15,session2,session2,training,Diogo Ribeiro,goal,0.42,-0.44,topshot_32a5fd74ec,CamaraTopo,02:33,6m,opponent,20,True,2026-01-13T22:01:10.914619
9ea430af-32ae-49db-8ec7-eac0ad5b92de,session2,session2,training,Diogo Ribeiro,blocked,-0.71,-0.04,topshot_0c7a7957ec,CamaraTopo,42:15,7m,home,25,True,2026-01-13T22:01:10.915618
8e7ead69-a445-41a7-a8a5-4282454d3fb1,session2,session2,training,Diogo Ribeiro,defense,1.39,0.75,topshot_7cfa91f23c,CamaraTopo,17:24,6m,opponent,23,True,2026-01-13T22:01:10.914619
d48ef2b6-1d15-4c1a-a928-533571972c0b,session2,session2,training,Diogo Ribeiro,post,-1.12,1.0,topshot_f19546b40d,CamaraBaliza,39:02,7m,opponent,25,True,2026-01-13T22:01:10.915618
d0532481-749d-4dba-b0fd-7dbe8c639007,session2,session2,training,Humberto Gomes,post,0.16,1.0,topshot_e413f1fdbe,CamaraBaliza,29:14,7m,home,18,True,2026-01-13T22:01:10.915618
3cbf7d2e-4aab-4a18-80e3-ecf28e9608c8,session2,session2,training,Diogo Ribeiro,blocked,0.09,0.26,topshot_997602712f,CamaraBaliza,17:57,7m,opponent,23,True,2026-01-13T22:01:10.915618
98a8480c-f615-4d30-b8e5-2f0726254d2a,session2,session2,training,Diogo Ribeiro,miss,1.76,-0.1,topshot_0845050837,CamaraBaliza,37:07,6m,home,23,True,2026-01-13T22:01:10.915618
dfefcc22-94a0-4c31-9c6c-e568ffbb2921,session2,session2,training,Humberto Gomes,blocked,0.26,0.63,topshot_4051b97e33,CamaraBaliza,59:57,6m,opponent,27,True,2026-01-13T22:01:10.915618
192e8e2f-683c-4b90-b270-5e6d69ab84be,session2,session2,training,Humberto Gomes,blocked,0.4,-0.56,topshot_4bd0d1a1ce,CamaraTopo,02:32,7m,opponent,20,True,2026-01-13T22:01:10.914619
ac566c16-1df1-42fa-9f4b-478c706e5e4a,session2,session2,training,Humberto Gomes,defense,0.09,0.46,topshot_adddc8341f,CamaraTopo,51:38,7m,home,25,True,2026-01-13T22:01:10.915618
2c8addb4-758d-4a71-ab3d-e9711b26ea62,session2,session2,training,Diogo Ribeiro,blocked,-0.71,-0.31,topshot_af4acd9814,CamaraBaliza,45:56,7m,home,26,True,2026-01-13T22:01:10.915618
78d65cb3-0189-46e9-8de8-08c0904d2e5f,session2,session2,training,Humberto Gomes,post,0.75,-1.0,topshot_a1068ff0cc,CamaraBaliza,12:32,6m,opponent,23,True,2026-01-13T22:01:10.914619
89d38a8b-3800-4537-bed0-c966b6d33079,session2,session2,training,Diogo Ribeiro,defense,1.34,0.37,topshot_2dc52070a6,CamaraBaliza,06:17,9m,opponent,22,True,2026-01-13T22:01:10.914619
fd45e2cc-eef9-4e1c-907b-fe0cb99866c9,session2,session2,training,Humberto Gomes,defense,-0.39,0.19,topshot_ce136a9e85,CamaraBaliza,43:01,6m,home,25,True,2026-01-13T22:01:10.915618
e9cc4d3b-5339-4d8a-a79c-806c0d62556e,session2,session2,training,Humberto Gomes,defense,0.8,0.65,topshot_95ab8ae5be,CamaraTopo,00:16,7m,opponent,22,True,2026-01-13T22:01:10.914619
f649cccc-1bcf-43bf-bf7a-10687a49eaac,session2,session2,training,Humberto Gomes,goal,0.5,0.2,topshot_15d6b49efe,CamaraTopo,52:37,7m,home,21,True,2026-01-13T22:01:10.915618
de657116-fb47-4f6b-9525-060625626b95,session2,session2,training,Diogo Ribeiro,defense,1.27,0.92,topshot_2da8cdccda,CamaraTopo,20:35,7m,home,21,True,2026-01-13T22:01:10.915618
40d4269c-bad0-4e38-ae85-d4a3417da9ce,session2,session2,training,Diogo Ribeiro,post,1.5,0.2,topshot_c211a8a53a,CamaraTopo,22:44,7m,home,23,True,2026-01-13T22:01:10.915618
bc3af94e-a986-40d0-8373-f055ee8f239e,session2,session2,training,Humberto Gomes,goal,-1.22,0.8,topshot_00fc806caa,CamaraTopo,18:54,6m,home,20,True,2026-01-13T22:01:10.915618
2a367ad9-a30a-4556-af03-10571f413fb7,session2,session2,training,Diogo Ribeiro,goal,0.29,-0.21,topshot_a2cdf6d1aa,CamaraTopo,30:34,7m,opponent,21,True,2026-01-13T22:01:10.915618
ed3f7d32-5636-47fe-b321-03d1dabd90f9,session2,session2,training,Humberto Gomes,goal,-1.33,0.83,topshot_89e9aaced1,CamaraTopo,15:17,6m,home,19,True,2026-01-13T22:01:10.914619
f52ba6b7-aac8-4790-8d68-26260ad5ce46,session2,session2,training,Humberto Gomes,miss,-1.83,0.06,topshot_faf7756eb1,CamaraBaliza,17:41,7m,opponent,22,True,2026-01-13T22:01:10.914619
c1d8a623-3e92-4a08-9df5-cd066161d15e,session2,session2,training,Humberto Gomes,miss,0.18,1.05,topshot_5ccfa96dca,CamaraTopo,22:00,7m,home,21,True,2026-01-13T22:01:10.915618
886c3040-05a0-4bcb-8f98-7f5ca15374ee,session2,session2,training,Diogo Ribeiro,goal,0.83,-0.96,topshot_b519875e71,CamaraTopo,54:54,7m,home,24,True,2026-01-13T22:01:10.915618
0c57fd13-6091-4b32-9647-37b3a3cb967a,session2,session2,training,Humberto Gomes,blocked,0.62,-0.69,topshot_2c6f6b6df7,CamaraBaliza,51:18,7m,opponent,23,True,2026-01-13T22:01:10.915618
753a801e-57ba-48c3-a256-80fdbe4216db,session2,session2,training,Diogo Ribeiro,miss,1.32,1.47,topshot_1959ae3377,CamaraTopo,24:07,6m,home,18,True,2026-01-13T22:01:10.915618
c59de1c7-e574-4767-83c2-9fece4748078,session2,session2,training,Humberto Gomes,miss,1.36,1.32,topshot_e6633f8ee6,CamaraBaliza,25:18,9m,opponent,21,True,2026-01-13T22:01:10.915618
1782d13c-10b9-4c03-8961-f4a9fb493953,session2,session2,training,Diogo Ribeiro,goal,0.85,-0.38,topshot_d6bc5cbfc2,CamaraTopo,02:33,9m,home,20,True,2026-01-13T22:01:10.914619
2fd72446-7953-4e8d-8011-04e0f0c529cc,session2,session2,training,Humberto Gomes,goal,-1.34,-0.39,topshot_0367ca0c62,CamaraBaliza,22:41,7m,opponent,19,True,2026-01-13T22:01:10.915618
3dd9326a-03c4-4da4-8216-7d8e00816579,session2,session2,training,Diogo Ribeiro,goal,-1.06,-0.74,topshot_c7b18cb406,CamaraTopo,27:24,7m,opponent,22,True,2026-01-13T22:01:10.915618
cc4a3b8a-bf10-4401-85e6-9575409a8292,session2,session2,training,Diogo Ribeiro,blocked,0.05,0.21,topshot_75fc3988e9,CamaraBaliza,32:40,6m,opponent,20,True,2026-01-13T22:01:10.915618
75694584-2a4b-4572-8d2a-0c3c7176c2fc,session2,session2,training,Diogo Ribeiro,post,-0.73,-1.0,topshot_c03006f164,CamaraTopo,06:04,7m,opponent,17,True,2026-01-13T22:01:10.914619
ca4fe513-af26-4d8a-b1cc-24d4cf52905a,session3,session3,training,Humberto Gomes,goal,-1.28,0.75,topshot_ba71b11550,CamaraTopo,01:49,6m,opponent,17,True,2026-01-13T22:01:10.926663
e4abc2fc-fb60-4faa-a886-cebd88ce17b8,session3,session3,training,Diogo Ribeiro,post,1.5,-0.35,topshot_d1dcad87e9,CamaraBaliza,33:23,6m,home,17,True,2026-01-13T22:01:10.927662
c79bf7d2-bd7f-4dd7-ae1f-b0045d9c5c2e,session3,session3,training,Diogo Ribeiro,blocked,0.61,0.59,topshot_5eb0098a97,CamaraTopo,27:21,6m,opponent,19,True,2026-01-13T22:01:10.927662
52873def-a4f8-4a26-88c3-6132438fe01d,session3,session3,training,Diogo Ribeiro,goal,-0.38,-0.4,topshot_c882f61fe0,CamaraBaliza,29:32,9m,opponent,22,True,2026-01-13T22:01:10.927662
0474cde6-c209-4c6d-be22-c3b018dbef39,session3,session3,training,Diogo Ribeiro,blocked,0.44,-0.18,topshot_8a4850d417,CamaraBaliza,01:43,7m,home,21,True,2026-01-13T22:01:10.926663
d6435910-aba3-4617-9577-a6ac0dc7b17b,session3,session3,training,Humberto Gomes,blocked,-0.4,-0.49,topshot_32602c0a99,CamaraTopo,43:01,6m,home,16,True,2026-01-13T22:01:10.927662
d09cdc44-d72a-462d-907d-b131b4785fcc,session3,session3,training,Diogo Ribeiro,goal,1.46,-0.51,topshot_a4b3fc2d37,CamaraBaliza,52:14,7m,home,18,True,2026-01-13T22:01:10.927662
d37c9aed-47d7-4ae5-a62e-3029a4166046,session3,session3,training,Diogo Ribeiro,post,-1.5,-0.49,topshot_52e7e52002,CamaraTopo,36:25,6m,opponent,18,True,2026-01-13T22:01:10.927662
95fc38e3-ec3f-45c8-bccb-377fc76d3d53,session3,session3,training,Diogo Ribeiro,miss,-1.37,-1.37,topshot_f73132d3aa,CamaraTopo,21:15,7m,home,21,True,2026-01-13T22:01:10.926663
fffe8ff2-47aa-442b-ad85-3a365af21080,session3,session3,training,Diogo Ribeiro,goal,0.34,-0.53,topshot_d9ec73a676,CamaraTopo,23:21,7m,opponent,18,True,2026-01-13T22:01:10.926663
b3c39cdd-d9c0-41ad-96df-ad4fa0ac2b60,session3,session3,training,Humberto Gomes,miss,-1.85,0.59,topshot_6e65428080,CamaraTopo,39:39,9m,home,18,True,2026-01-13T22:01:10.927662
86501be1-58d3-467d-95c9-bf53c9950b05,session3,session3,training,Diogo Ribeiro,blocked,0.11,-0.2,topshot_18e5d9b91e,CamaraBaliza,17:42,6m,home,21,True,2026-01-13T22:01:10.926663
0db46bf0-9a74-4bc2-9a25-630f03b11c08,session3,session3,training,Humberto Gomes,miss,-0.37,-1.15,topshot_6f55f66399,CamaraBaliza,16:02,9m,opponent,16,True,2026-01-13T22:01:10.926663
4b490134-3bf5-416e-b0a9-a45cd4575be1,session3,session3,training,Diogo Ribeiro,post,-0.4,1.0,topshot_bffc3800a3,CamaraTopo,41:50,9m,home,17,True,2026-01-13T22:01:10.927662
df9f6fe9-ca33-48c5-813b-7cb718907fa4,session3,session3,training,Humberto Gomes,defense,1.47,0.95,topshot_f0f96e7898,CamaraTopo,09:28,9m,opponent,16,True,2026-01-13T22:01:10.926663
6c5bab2d-6ccc-4fb2-89f8-861f6c4e4f76,session3,session3,training,Humberto Gomes,goal,0.88,-0.47,topshot_497645a90f,CamaraBaliza,55:31,6m,opponent,21,True,2026-01-13T22:01:10.927662
564c9acf-16f7-4098-822f-fec0650aeedc,session3,session3,training,Diogo Ribeiro,miss,0.93,-1.08,topshot_9fb6017ab9,CamaraBaliza,50:36,6m,home,18,True,2026-01-13T22:01:10.927662
598a2dea-1ac4-4fc4-a678-fa4474938d43,session3,session3,training,Humberto Gomes,post,0.07,1.0,topshot_2a26655de4,CamaraTopo,02:40,6m,home,20,True,2026-01-13T22:01:10.926663
3c0610e0-5104-40fd-bf33-6df61a03db94,session3,session3,training,Humberto Gomes,goal,1.23,-0.97,topshot_e80081c219,CamaraBaliza,05:37,7m,home,21,True,2026-01-13T22:01:10.926663
fccdfd18-cc16-416a-a7c9-ce89595a3515,session3,session3,training,Humberto Gomes,goal,-0.58,-0.94,topshot_c7a1a9e1f2,CamaraTopo,41:16,7m,home,16,True,2026-01-13T22:01:10.927662
7009b302-97b5-461f-bb8a-f7e260c418bb,session3,session3,training,Humberto Gomes,defense,1.18,0.94,topshot_fd82117600,CamaraBaliza,00:57,9m,home,16,True,2026-01-13T22:01:10.926663
53728d09-cbe7-4db0-b92a-8d0106fc217f,session3,session3,training,Diogo Ribeiro,defense,1.09,0.62,topshot_6b63a698a5,CamaraBaliza,25:00,6m,home,20,True,2026-01-13T22:01:10.926663
ff9f594e-5ada-4700-a5d0-cb229bc10e2a,session3,session3,training,Humberto Gomes,miss,-0.48,1.09,topshot_3b229e4f40,CamaraTopo,11:10,9m,opponent,17,True,2026-01-13T22:01:10.926663
623efd41-c727-4157-b5a7-61a192bf3d3a,session3,session3,training,Diogo Ribeiro,defense,1.36,0.7,topshot_c466fed2f3,CamaraBaliza,07:40,6m,home,20,True,2026-01-13T22:01:10.926663
85a71f53-cdcb-4e23-aa8a-be4e2da6d7f5,session3,session3,training,Humberto Gomes,goal,0.24,-0.21,topshot_6f755688dd,CamaraBaliza,22:48,9m,opponent,21,True,2026-01-13T22:01:10.926663
6a393d0e-114e-45d3-86e0-245853e9d7b0,session3,session3,training,Humberto Gomes,blocked,0.01,-0.01,topshot_8be85a820c,CamaraTopo,45:36,9m,opponent,18,True,2026-01-13T22:01:10.927662
df729a85-aaa4-4acc-9aef-3f2de8e882d3,session3,session3,training,Humberto Gomes,defense,1.32,0.56,topshot_b5ccf1d778,CamaraBaliza,08:41,7m,opponent,20,True,2026-01-13T22:01:10.926663
1318281f-36a6-469f-86da-ae1dd8f4a510,session3,session3,training,Diogo Ribeiro,defense,1.33,0.46,topshot_01893f4ab2,CamaraBaliza,55:36,7m,home,17,True,2026-01-13T22:01:10.927662
4b64ffff-cb91-4096-ab34-bca4dbb09f30,session3,session3,training,Humberto Gomes,defense,1.33,0.71,topshot_faf9a9cac4,CamaraTopo,49:54,9m,home,19,True,2026-01-13T22:01:10.927662
dcfdf183-671f-4f04-acbd-0fcaf93f8c23,session3,session3,training,Humberto Gomes,goal,1.46,-0.53,topshot_050b034dc5,CamaraBaliza,20:58,9m,home,21,True,2026-01-13T22:01:10.926663
0f46be33-14ee-46d7-b6bc-7788b9b45d2a,session3,session3,training,Humberto Gomes,defense,1.23,0.76,topshot_7791c73d50,CamaraTopo,42:12,7m,home,17,True,2026-01-13T22:01:10.927662
541c8130-f3c3-45bf-80e2-fb714fb4120c,session3,session3,training,Diogo Ribeiro,blocked,0.29,-0.43,topshot_c20bca2c03,CamaraTopo,25:06,9m,opponent,20,True,2026-01-13T22:01:10.926663
a86f518f-02f4-4717-bcfc-5af3538735d6,session3,session3,training,Humberto Gomes,miss,-0.06,-1.02,topshot_1be49ee813,CamaraBaliza,37:37,6m,opponent,22,True,2026-01-13T22:01:10.927662
ee5bfb2e-17ec-4b01-83e9-d598585252bc,session3,session3,training,Diogo Ribeiro,goal,-1.2,-0.92,topshot_b048a4c18e,CamaraBaliza,48:18,6m,opponent,19,True,2026-01-13T22:01:10.927662
7d9d3583-3d63-41cb-9ec8-53a11f73f17d,session3,session3,training,Humberto Gomes,blocked,-0.41,0.32,topshot_ca8d66cbb0,CamaraTopo,33:31,7m,home,16,True,2026-01-13T22:01:10.927662
8ca52ba6-2f2e-4abc-a3b3-6295cc0a96b1,session3,session3,training,Diogo Ribeiro,blocked,-0.18,-0.36,topshot_e7999b9375,CamaraTopo,20:27,7m,home,20,True,2026-01-13T22:01:10.926663
7772e7bd-3e4e-45ec-9a8c-90dd17e0e203,session3,session3,training,Humberto Gomes,defense,1.37,0.46,topshot_50603d7663,CamaraTopo,04:26,7m,home,17,True,2026-01-13T22:01:10.926663
73f5970a-093e-4bf1-ac7c-6ebc088438f5,session3,session3,training,Humberto Gomes,goal,-1.11,-0.31,topshot_629ef94e62,CamaraTopo,29:36,6m,opponent,16,True,2026-01-13T22:01:10.927662
54e1afe2-e8c6-4172-803e-cb38e624fcd4,session3,session3,training,Humberto Gomes,post,1.5,0.85,topshot_7c8c906792,CamaraTopo,58:19,6m,home,17,True,2026-01-13T22:01:10.927662
526cc318-208f-4e19-be0c-a35abcb59dca,session3,session3,training,Diogo Ribeiro,post,1.5,-0.43,topshot_0b4f411403,CamaraBaliza,35:03,6m,opponent,19,True,2026-01-13T22:01:10.927662
85dcb1e7-5c69-458b-9078-54bba40a0fa3,session3,session3,training,Diogo Ribeiro,blocked,0.79,-0.24,topshot_37556632be,CamaraTopo,21:31,9m,opponent,16,True,2026-01-13T22:01:10.926663
dcb11b90-1895-4b4a-b60b-95479967b7d0,session3,session3,training,Humberto Gomes,goal,-0.91,0.4,topshot_d6906ea180,CamaraBaliza,41:33,9m,home,18,True,2026-01-13T22:01:10.927662
26ee1e81-5bea-430e-82d3-e30cb8621f9b,session3,session3,training,Diogo Ribeiro,miss,1.22,1.45,topshot_3f044e44a4,CamaraBaliza,19:49,7m,opponent,18,True,2026-01-13T22:01:10.926663
1c798324-d349-43fd-b40a-fd65e62693fd,session3,session3,training,Humberto Gomes,defense,0.82,0.58,topshot_4d01d9219b,CamaraTopo,31:51,9m,home,21,True,2026-01-13T22:01:10.927662
eaee4423-ba22-4489-9127-9251b09c7b03,session3,session3,training,Humberto Gomes,goal,-1.05,-0.38,topshot_8ad9cbeac7,CamaraTopo,15:43,7m,home,18,True,2026-01-13T22:01:10.926663
c65e718c-ba05-4054-abbb-26e5e9ddef28,session3,session3,training,Humberto Gomes,defense,0.84,0.4,topshot_edb42bc517,CamaraTopo,30:57,7m,home,20,True,2026-01-13T22:01:10.927662
d97f5705-497b-417e-8277-692ef3f7cef9,session3,session3,training,Diogo Ribeiro,post,-0.3,-1.0,topshot_07f324e1a5,CamaraBaliza,48:16,9m,home,21,True,2026-01-13T22:01:10.927662
c151ae51-1ccc-4618-a7fc-9e891bcbe40d,session3,session3,training,Humberto Gomes,defense,0.08,0.51,topshot_3bae702293,CamaraTopo,28:37,6m,home,19,True,2026-01-13T22:01:10.927662
43d25e04-0ed3-4090-8560-ca088ad54ef1,session3,session3,training,Humberto Gomes,defense,0.27,0.59,topshot_ccf4bf88b1,CamaraBaliza,37:54,6m,home,18,True,2026-01-13T22:01:10.927662
c12a0d06-85f7-4cf6-81b1-d5589628baca,session3,session3,training,Diogo Ribeiro,defense,1.21,0.63,topshot_1e2806281b,CamaraTopo,08:50,6m,opponent,16,True,2026-01-13T22:01:10.926663
bf25a202-4009-4b6b-ba06-d5a86ab5e083,session3,session3,training,Humberto Gomes,goal,-0.5,0.59,topshot_aeeeb07ff0,CamaraBaliza,18:01,7m,home,16,True,2026-01-13T22:01:10.926663
f9a897ee-3cc5-478c-8548-0332777e2b4b,session3,session3,training,Diogo Ribeiro,goal,-0.14,0.89,topshot_22ab1fc25e,CamaraBaliza,23:20,7m,opponent,22,True,2026-01-13T22:01:10.926663
b7fae8a1-8d69-416b-b5d2-67f3c8c72755,session3,session3,training,Humberto Gomes,blocked,-0.31,0.61,topshot_4a8ec40688,CamaraBaliza,17:16,6m,opponent,16,True,2026-01-13T22:01:10.926663
487bc9ab-5906-430a-961b-62a9c0d96911,session3,session3,training,Diogo Ribeiro,defense,1.03,0.98,topshot_348301efd9,CamaraBaliza,36:48,7m,home,22,True,2026-01-13T22:01:10.927662
81804afc-2ddc-4d6f-9495-2402ba4b0b98,session3,session3,training,Humberto Gomes,goal,-1.21,0.57,topshot_39b38456cc,CamaraBaliza,52:48,9m,opponent,22,True,2026-01-13T22:01:10.927662
5c2fbbf5-84d6-4198-9e30-c53e788e9798,session3,session3,training,Humberto Gomes,goal,0.32,-0.77,topshot_46fb82d75b,CamaraBaliza,43:04,9m,home,19,True,2026-01-13T22:01:10.927662
74731a06-ca2c-46b9-b562-00e03c74f2d8,session3,session3,training,Diogo Ribeiro,post,1.5,0.08,topshot_941eeb2347,CamaraBaliza,20:22,6m,home,17,True,2026-01-13T22:01:10.926663
2787363c-0d2e-4595-a75e-dd037e6e2d6a,session3,session3,training,Diogo Ribeiro,post,-1.04,-1.0,topshot_eec0d4acef,CamaraBaliza,57:36,6m,opponent,20,True,2026-01-13T22:01:10.927662
bfa35d6d-6db2-4575-b825-52db1dd74495,session3,session3,training,Diogo Ribeiro,defense,0.89,0.92,topshot_ee990684e1,CamaraBaliza,57:32,6m,home,23,True,2026-01-13T22:01:10.927662
e68e3ff6-5f22-4618-8864-5d18e60f2c25,session3,session3,training,Humberto Gomes,defense,1.18,0.63,topshot_971953057d,CamaraTopo,38:33,6m,opponent,23,True,2026-01-13T22:01:10.927662
5b6f88d5-3a2e-419d-94d9-aad97511ce3e,session3,session3,training,Diogo Ribeiro,miss,-0.73,-1.35,topshot_eb71cc798f,CamaraTopo,54:46,6m,home,21,True,2026-01-13T22:01:10.927662
1fef666c-27dc-493f-8b3d-7bd6d2c74a40,session3,session3,training,Diogo Ribeiro,defense,0.81,0.35,topshot_6b90569802,CamaraBaliza,56:21,7m,home,22,True,2026-01-13T22:01:10.927662
a95e6cd6-76a7-4bf9-99d2-195adeed337f,session3,session3,training,Diogo Ribeiro,goal,-1.06,-0.6,topshot_9ae296bdd7,CamaraBaliza,48:18,6m,opponent,24,True,2026-01-13T22:01:10.927662
c812cb10-1fd3-4020-b267-afacdcb98bd6,session3,session3,training,Diogo Ribeiro,defense,-0.52,0.03,topshot_967941a749,CamaraBaliza,27:04,9m,home,19,True,2026-01-13T22:01:10.927662
7267b953-7336-48aa-94c2-1f53543a58e9,session3,session3,training,Diogo Ribeiro,goal,1.26,-0.49,topshot_a8ba145c37,CamaraTopo,54:40,7m,opponent,20,True,2026-01-13T22:01:10.927662
13e72b01-1ee1-435a-b534-06305ffeea2c,session3,session3,training,Humberto Gomes,defense,1.29,0.98,topshot_073345e68f,CamaraTopo,49:46,9m,opponent,24,True,2026-01-13T22:01:10.927662
e3ee17d8-7253-4957-a37b-012b08a11872,session3,session3,training,Diogo Ribeiro,goal,0.28,-0.99,topshot_ca348f07f2,CamaraTopo,01:23,6m,opponent,19,True,2026-01-13T22:01:10.926663
fc393ee1-8b6a-4048-9e4d-0bd30697a3b0,session3,session3,training,Humberto Gomes,defense,1.02,0.38,topshot_4595820df1,CamaraBaliza,40:36,6m,opponent,16,True,2026-01-13T22:01:10.927662
6b34c10b-10ab-48dc-b45b-951c023715d9,session3,session3,training,Humberto Gomes,goal,-1.28,0.58,topshot_30c1fc2858,CamaraBaliza,33:04,7m,home,18,True,2026-01-13T22:01:10.927662
bdc52767-8e62-4876-9cbd-052defaa4a47,session3,session3,training,Diogo Ribeiro,blocked,-0.12,0.44,topshot_1652285149,CamaraTopo,47:28,7m,opponent,23,True,2026-01-13T22:01:10.927662
f021a265-33a7-482a-a670-6c4c4cf4973d,session3,session3,training,Diogo Ribeiro,goal,1.4,-0.99,topshot_91c409cbac,CamaraBaliza,26:34,9m,home,19,True,2026-01-13T22:01:10.927662
b31926a9-f1d0-46f5-94e0-e176e9cbcf07,session3,session3,training,Diogo Ribeiro,blocked,-0.59,0.47,topshot_ae1f1e696b,CamaraBaliza,07:43,6m,opponent,16,True,2026-01-13T22:01:10.926663
cd46d157-a289-4ae4-903e-4357927d818d,session3,session3,training,Humberto Gomes,goal,-0.82,0.5,topshot_4e61f38f47,CamaraBaliza,30:42,9m,opponent,17,True,2026-01-13T22:01:10.927662
c226d99e-4eef-4004-85ea-16a628e8f6c6,session3,session3,training,Diogo Ribeiro,defense,0.82,0.93,topshot_bb78bcdc76,CamaraTopo,38:04,6m,opponent,21,True,2026-01-13T22:01:10.927662
3bd3f3fa-b824-416a-a346-86193ce7ff03,session3,session3,training,Humberto Gomes,defense,0.1,-0.11,topshot_68ce780493,CamaraBaliza,55:38,9m,home,17,True,2026-01-13T22:01:10.927662
200f44d0-edef-48a7-8627-94648b8186ae,session3,session3,training,Humberto Gomes,defense,1.41,0.6,topshot_d3df42dc44,CamaraTopo,20:51,7m,opponent,16,True,2026-01-13T22:01:10.926663
787a6252-1cad-4d11-bf27-645821d7d63e,session3,session3,training,Humberto Gomes,miss,1.73,0.56,topshot_c95ea1fd82,CamaraTopo,42:23,9m,home,21,True,2026-01-13T22:01:10.927662
e7857722-523c-4190-b419-4cedb2ca225d,session3,session3,training,Humberto Gomes,defense,0.94,1.0,topshot_8ed727fb15,CamaraTopo,13:14,6m,opponent,20,True,2026-01-13T22:01:10.926663
0af70cd6-1703-44af-aa83-497ba88e327f,session3,session3,training,Diogo Ribeiro,defense,0.06,0.01,topshot_a1dc73a72d,CamaraBaliza,12:15,6m,opponent,18,True,2026-01-13T22:01:10.926663
1cdcc45f-65ae-4cfe-87d9-c66b7c7cc499,session3,session3,training,Diogo Ribeiro,goal,0.84,-0.73,topshot_a3d06f7af9,CamaraTopo,23:31,9m,home,19,True,2026-01-13T22:01:10.926663
e986d5c2-b595-4b39-bf84-bcd9c2204410,session4,session4,training,Humberto Gomes,goal,1.19,-0.68,topshot_f132bbfcb9,CamaraTopo,57:06,6m,opponent,21,True,2026-01-13T22:01:10.939195
edbc6cfd-e39f-4cc4-8e25-78ff3f9f33a4,session4,session4,training,Humberto Gomes,defense,0.92,0.96,topshot_54ec1f67df,CamaraTopo,26:29,7m,home,19,True,2026-01-13T22:01:10.939195
35d9b539-c8c2-4993-b722-00e06c5c42f6,session4,session4,training,Diogo Ribeiro,defense,0.96,0.77,topshot_9fd5eb1dff,CamaraBaliza,37:22,7m,opponent,19,True,2026-01-13T22:01:10.939195
1641e4d2-c673-46e8-ad1a-e0fd14ea14e7,session4,session4,training,Diogo Ribeiro,goal,0.55,-0.93,topshot_408911aed9,CamaraTopo,51:36,9m,opponent,22,True,2026-01-13T22:01:10.939195
3ad7b6f3-9505-4807-9457-26abf86231f6,session4,session4,training,Diogo Ribeiro,defense,1.25,0.44,topshot_cdbec8c8f7,CamaraBaliza,10:13,6m,opponent,15,True,2026-01-13T22:01:10.937687
6724d813-76fb-41a3-ad36-09e2b9b0e94b,session4,session4,training,Humberto Gomes,defense,0.92,0.86,topshot_09a6242d47,CamaraBaliza,44:17,6m,opponent,19,True,2026-01-13T22:01:10.939195
a6dbe559-550b-45d3-8f6c-1b1ebe919905,session4,session4,training,Diogo Ribeiro,miss,-0.49,1.5,topshot_2aa4f6c878,CamaraBaliza,45:02,7m,home,19,True,2026-01-13T22:01:10.939195
786e6b6c-dd1a-4f5a-8055-fd0d42937d2e,session4,session4,training,Humberto Gomes,defense,1.13,0.31,topshot_fe99deafa9,CamaraTopo,00:11,7m,opponent,16,True,2026-01-13T22:01:10.937687
8321ee63-7c67-41fb-b3a5-b547a5d881ee,session4,session4,training,Diogo Ribeiro,defense,0.57,-0.25,topshot_7c55306340,CamaraTopo,10:40,9m,opponent,16,True,2026-01-13T22:01:10.937687
8ee30492-5484-42c5-8ade-0341cd47673e,session4,session4,training,Humberto Gomes,miss,1.1,1.33,topshot_6f62c171b7,CamaraBaliza,17:42,7m,opponent,16,True,2026-01-13T22:01:10.937687
7a1b3dde-18f7-4454-bb5d-c1e5f88ce4c8,session4,session4,training,Humberto Gomes,goal,-1.05,0.95,topshot_596c8b9fbe,CamaraTopo,54:19,9m,opponent,20,True,2026-01-13T22:01:10.939195
c0fee87d-5bad-4913-a738-868484041ab1,session4,session4,training,Diogo Ribeiro,goal,-0.8,-0.66,topshot_00aadd5b5f,CamaraTopo,54:30,6m,home,19,True,2026-01-13T22:01:10.939195
c41041b2-cf1d-4a7f-882b-451712d35014,session4,session4,training,Diogo Ribeiro,blocked,0.68,-0.01,topshot_c7740ed45a,CamaraBaliza,16:34,9m,home,15,True,2026-01-13T22:01:10.937687
6b398062-5ec1-4f5c-856e-2fd370c57e14,session4,session4,training,Diogo Ribeiro,post,-0.08,-1.0,topshot_f5e40abb1b,CamaraBaliza,53:15,6m,home,18,True,2026-01-13T22:01:10.939195
932a897d-09df-4fbe-8a8e-86adf57df3d6,session4,session4,training,Humberto Gomes,defense,1.37,1.0,topshot_6b499964b8,CamaraBaliza,28:20,9m,home,18,True,2026-01-13T22:01:10.939195
3a0e0dd1-d4db-4880-825d-1f31c7797885,session4,session4,training,Diogo Ribeiro,blocked,-0.73,-0.54,topshot_445625d4cb,CamaraTopo,30:52,6m,opponent,15,True,2026-01-13T22:01:10.939195
3bcb4a26-7b71-4fe0-b070-15369902c8b9,session4,session4,training,Diogo Ribeiro,defense,1.41,0.86,topshot_366e45d0b0,CamaraBaliza,59:42,7m,opponent,16,True,2026-01-13T22:01:10.939195
5dd2cf4a-bc6e-460e-9c0a-e59afc14012b,session4,session4,training,Diogo Ribeiro,goal,-1.13,0.37,topshot_db61ad4191,CamaraBaliza,37:27,7m,opponent,16,True,2026-01-13T22:01:10.939195
8b5ffa23-1476-4ed8-8697-589c02c2c655,session4,session4,training,Diogo Ribeiro,defense,-0.19,-0.4,topshot_b7511d4c01,CamaraTopo,59:20,9m,home,21,True,2026-01-13T22:01:10.939195
2c3ddccb-99be-4f6b-8dec-d1770afa78d9,session4,session4,training,Diogo Ribeiro,blocked,0.32,-0.44,topshot_bed76e9fb8,CamaraBaliza,58:16,6m,home,19,True,2026-01-13T22:01:10.939195
80a25ec4-ad78-44a7-af5e-7e4489d21052,session4,session4,training,Diogo Ribeiro,blocked,0.6,-0.65,topshot_3d81f3bcee,CamaraBaliza,31:43,6m,opponent,17,True,2026-01-13T22:01:10.939195
af9a0f17-4217-407d-8a2a-31164667217e,session4,session4,training,Diogo Ribeiro,blocked,0.45,0.63,topshot_14c599f1e5,CamaraTopo,50:13,6m,home,22,True,2026-01-13T22:01:10.939195
35c8c0b9-28a4-415e-a0a4-78ee9d0907cf,session4,session4,training,Diogo Ribeiro,defense,0.92,0.47,topshot_a9eb4155f0,CamaraTopo,47:34,6m,home,19,True,2026-01-13T22:01:10.939195
18ed7296-2e77-4734-ae37-204a53d2ce8d,session4,session4,training,Humberto Gomes,defense,1.36,0.9,topshot_60e48292a3,CamaraTopo,42:59,7m,opponent,19,True,2026-01-13T22:01:10.939195
4dd22890-1fcb-4aff-a85a-727c650353f6,session4,session4,training,Diogo Ribeiro,defense,-0.31,-0.34,topshot_8f14fcb959,CamaraBaliza,04:39,9m,opponent,18,True,2026-01-13T22:01:10.937687
fdd97041-d45e-4969-a1d1-1edfdfd3db66,session4,session4,training,Diogo Ribeiro,goal,-1.26,0.85,topshot_1b5b722f34,CamaraBaliza,02:15,6m,home,15,True,2026-01-13T22:01:10.937687
96a4934d-04fd-472d-8a11-ae9717d058d4,session4,session4,training,Humberto Gomes,goal,-0.48,-0.67,topshot_20ceb35013,CamaraTopo,23:03,6m,home,17,True,2026-01-13T22:01:10.939195
99e787d1-57ba-4965-ae5e-1d404f5a709d,session4,session4,training,Diogo Ribeiro,defense,0.95,0.87,topshot_103db625f3,CamaraBaliza,41:44,7m,home,22,True,2026-01-13T22:01:10.939195
b2d2b6e3-d35a-4149-923d-5d8194180010,session4,session4,training,Humberto Gomes,post,1.5,-0.33,topshot_80ff2ea5c3,CamaraBaliza,23:28,6m,home,17,True,2026-01-13T22:01:10.939195
eee8b059-c4c7-49d6-8287-6cf1aa8d74e0,session4,session4,training,Diogo Ribeiro,post,0.61,1.0,topshot_87579ed54a,CamaraBaliza,14:46,7m,home,17,True,2026-01-13T22:01:10.937687
db192b7f-20f5-485e-8c7a-78c5375e2d9d,session4,session4,training,Humberto Gomes,goal,1.19,-0.94,topshot_82cac8b1e0,CamaraTopo,39:43,7m,opponent,17,True,2026-01-13T22:01:10.939195
1927fd46-c0ff-4792-9c27-855c3d8925d3,session4,session4,training,Humberto Gomes,miss,-1.04,-1.14,topshot_b447d479b3,CamaraTopo,14:59,9m,home,15,True,2026-01-13T22:01:10.937687
9c566f15-9962-4f48-a4cf-3241dc708344,session4,session4,training,Diogo Ribeiro,defense,1.05,0.57,topshot_05a8fc65aa,CamaraTopo,05:20,6m,home,20,True,2026-01-13T22:01:10.937687
8584c78b-0af4-4efc-aaf3-8496b3b6fa22,session4,session4,training,Diogo Ribeiro,defense,1.1,0.85,topshot_eef3203177,CamaraTopo,20:25,9m,home,18,True,2026-01-13T22:01:10.939195
e8038f98-e4e1-4418-b9cf-5f2fdec8cbae,session4,session4,training,Humberto Gomes,post,-1.5,-0.67,topshot_e2563918ea,CamaraTopo,04:37,6m,opponent,17,True,2026-01-13T22:01:10.937687
bf3029a8-1587-4d25-a465-43430a88ed50,session4,session4,training,Humberto Gomes,miss,-1.06,1.24,topshot_d5c562dc0e,CamaraTopo,49:48,6m,home,20,True,2026-01-13T22:01:10.939195
23e440a6-23f2-488e-b264-d1af7a6c0ac6,session4,session4,training,Diogo Ribeiro,goal,-1.18,-0.39,topshot_3f80f79550,CamaraBaliza,57:15,7m,opponent,21,True,2026-01-13T22:01:10.939195
f00f2bf6-8855-49b4-81e0-5686db1f62d5,session4,session4,training,Diogo Ribeiro,goal,-1.16,0.93,topshot_c7b2f23da3,CamaraTopo,37:56,9m,opponent,17,True,2026-01-13T22:01:10.939195
a647da85-3289-4900-b8af-b021ee97cee8,session4,session4,training,Humberto Gomes,goal,1.44,-0.81,topshot_52a167fb6e,CamaraBaliza,17:04,7m,home,19,True,2026-01-13T22:01:10.937687
faa26392-9026-4565-9564-3ccdcbb23a40,session4,session4,training,Diogo Ribeiro,defense,0.88,0.88,topshot_2558f61591,CamaraTopo,13:49,7m,opponent,15,True,2026-01-13T22:01:10.937687
fc5204cc-e6cf-4e5a-b891-bd32ae396c91,session4,session4,training,Humberto Gomes,miss,0.03,-1.03,topshot_5e6e8c9612,CamaraBaliza,15:11,7m,opponent,20,True,2026-01-13T22:01:10.937687
0982b24c-3fa3-4b66-9620-92338df24b69,session4,session4,training,Humberto Gomes,goal,0.98,-0.67,topshot_3d483278d6,CamaraBaliza,00:01,9m,home,15,True,2026-01-13T22:01:10.937687
deb23f9a-adec-49f2-8738-9170c555bffa,session4,session4,training,Diogo Ribeiro,goal,-0.38,0.35,topshot_be49aad344,CamaraTopo,14:59,9m,opponent,16,True,2026-01-13T22:01:10.937687
181defbb-e6dc-4169-8ff2-4d039b47b02f,session4,session4,training,Diogo Ribeiro,defense,1.06,0.85,topshot_a3bb27c0e7,CamaraBaliza,55:34,6m,opponent,18,True,2026-01-13T22:01:10.939195
998a8197-87da-45d9-94c2-89ff8c4b730c,session4,session4,training,Diogo Ribeiro,blocked,0.27,0.67,topshot_f4b59ebbeb,CamaraBaliza,55:58,7m,home,18,True,2026-01-13T22:01:10.939195
1503fdd1-cd61-4867-9914-d181f9dc6c2f,session4,session4,training,Humberto Gomes,blocked,0.49,-0.21,topshot_8abb1baccf,CamaraTopo,17:01,6m,home,17,True,2026-01-13T22:01:10.937687
ac0c598d-fd72-4380-9de7-5a2e048fa1ea,session4,session4,training,Diogo Ribeiro,post,0.38,1.0,topshot_72a98f27f4,CamaraTopo,44:24,7m,home,22,True,2026-01-13T22:01:10.939195
7ced4d51-cba3-4116-b2a8-e406ab054720,session4,session4,training,Humberto Gomes,defense,1.38,0.48,topshot_eb730a0b4a,CamaraBaliza,07:24,9m,opponent,20,True,2026-01-13T22:01:10.937687
1f73b6f5-0a71-4ab1-8ece-314f36eff820,session4,session4,training,Humberto Gomes,goal,0.43,-0.8,topshot_1dfe046018,CamaraTopo,18:06,6m,opponent,17,True,2026-01-13T22:01:10.937687
a2d40687-5339-40b0-a2da-2780fd85ef4f,session4,session4,training,Diogo Ribeiro,defense,1.13,0.61,topshot_8ebdddee49,CamaraBaliza,20:08,7m,opponent,16,True,2026-01-13T22:01:10.939195
43abe3fe-d570-4dce-965d-17c871973fe1,session4,session4,training,Humberto Gomes,blocked,0.03,-0.43,topshot_92ddf4b97d,CamaraBaliza,29:24,7m,opponent,18,True,2026-01-13T22:01:10.939195
32094cb4-79c5-492f-8727-4b1b541b9114,session4,session4,training,Diogo Ribeiro,post,-1.5,-0.08,topshot_906280317e,CamaraBaliza,20:16,9m,opponent,19,True,2026-01-13T22:01:10.939195
08243d82-c284-4ea0-b5f9-8226ab25260f,session4,session4,training,Diogo Ribeiro,blocked,0.4,-0.2,topshot_20d51f8178,CamaraBaliza,11:19,7m,home,16,True,2026-01-13T22:01:10.937687
9954537d-1967-4359-a278-cab10c64f8e4,session4,session4,training,Diogo Ribeiro,defense,1.19,0.78,topshot_fad22b1f5a,CamaraTopo,51:11,7m,home,22,True,2026-01-13T22:01:10.939195
7b8026c8-c677-498b-8b24-7540535e1379,session4,session4,training,Diogo Ribeiro,defense,0.97,1.0,topshot_29f93d90fe,CamaraBaliza,41:13,6m,opponent,20,True,2026-01-13T22:01:10.939195
dbe1dd85-cc17-43df-95f8-990602f56829,session4,session4,training,Humberto Gomes,defense,1.17,0.59,topshot_01882dad44,CamaraBaliza,38:34,7m,opponent,15,True,2026-01-13T22:01:10.939195
9fa875d4-527e-4147-98be-81f9965a4bb6,session4,session4,training,Diogo Ribeiro,miss,0.91,1.27,topshot_86b4cb5427,CamaraTopo,25:01,9m,home,18,True,2026-01-13T22:01:10.939195
3fe9d2f5-9191-4d45-9165-043232629fea,session4,session4,training,Diogo Ribeiro,post,1.18,1.0,topshot_5d5127bc39,CamaraTopo,31:43,7m,opponent,20,True,2026-01-13T22:01:10.939195
a996bce9-d9ea-465d-8735-eb5f99a03212,session4,session4,training,Diogo Ribeiro,goal,-0.27,-0.83,topshot_23f16d751a,CamaraTopo,27:29,6m,opponent,16,True,2026-01-13T22:01:10.939195
4072d98b-6fe6-49b8-b5b7-661bf024c59d,session4,session4,training,Humberto Gomes,goal,-1.17,-0.35,topshot_68c4c814e8,CamaraBaliza,04:02,6m,home,20,True,2026-01-13T22:01:10.937687
96648026-e9ef-4cc1-bb9f-291a72479ae5,session4,session4,training,Humberto Gomes,post,-1.5,0.15,topshot_2e9c3b8cff,CamaraBaliza,19:15,9m,home,19,True,2026-01-13T22:01:10.939195
fd02c170-c6c5-44e7-9eed-3127dfb731d4,session4,session4,training,Humberto Gomes,goal,-0.25,0.27,topshot_3fdc8ddf1b,CamaraTopo,52:14,9m,home,23,True,2026-01-13T22:01:10.939195
a5903030-f7ef-461b-bf08-e6dbd7196a7b,session4,session4,training,Humberto Gomes,miss,-1.78,0.14,topshot_ab95ee2d9a,CamaraTopo,17:10,7m,home,19,True,2026-01-13T22:01:10.937687
f55f1c36-a13c-490c-8837-003d14f96dcb,session4,session4,training,Diogo Ribeiro,miss,-1.77,0.6,topshot_57c75fe802,CamaraBaliza,17:27,9m,home,18,True,2026-01-13T22:01:10.937687
fc5654c4-85b4-4259-89f1-42ecd5e9dba2,session4,session4,training,Humberto Gomes,defense,1.43,0.41,topshot_6b3043bd49,CamaraTopo,22:58,9m,opponent,19,True,2026-01-13T22:01:10.939195
421e42dd-2bb3-4152-9f58-7268826cf6ad,session4,session4,training,Humberto Gomes,blocked,-0.43,-0.63,topshot_8222128b91,CamaraTopo,23:44,6m,opponent,15,True,2026-01-13T22:01:10.939195
c19e2dd9-25d1-4590-9fd5-b999b7a136a6,session4,session4,training,Humberto Gomes,miss,1.71,-0.42,topshot_62b6c04e18,CamaraBaliza,47:45,7m,opponent,21,True,2026-01-13T22:01:10.939195
1348c47f-6379-4aee-97c7-2ab0600068b7,session4,session4,training,Humberto Gomes,defense,0.95,0.4,topshot_face4c027e,CamaraBaliza,06:24,6m,opponent,15,True,2026-01-13T22:01:10.937687
b5ba3a7b-2c34-4879-af70-efc843b1891e,session4,session4,training,Humberto Gomes,defense,0.88,0.55,topshot_6544f9b215,CamaraBaliza,56:26,6m,opponent,23,True,2026-01-13T22:01:10.939195
40759a0b-0423-498e-a67c-fe0b65739ab2,session4,session4,training,Diogo Ribeiro,goal,-1.0,0.47,topshot_976be0bdb9,CamaraTopo,04:28,7m,opponent,17,True,2026-01-13T22:01:10.937687
071f0b73-2018-4a88-ae48-bd6c7917d3e9,session4,session4,training,Humberto Gomes,goal,-1.11,0.48,topshot_a8acad66e9,CamaraTopo,03:43,7m,opponent,19,True,2026-01-13T22:01:10.937687
37ed6a1c-2830-491c-9ffa-2c25e00ae705,session4,session4,training,Humberto Gomes,defense,-0.07,0.16,topshot_b14e8579d6,CamaraBaliza,42:32,6m,opponent,18,True,2026-01-13T22:01:10.939195
619ce73d-98f7-49ff-8e01-44c53310bf14,session4,session4,training,Diogo Ribeiro,defense,1.06,0.75,topshot_4793412f7d,CamaraBaliza,20:14,9m,home,16,True,2026-01-13T22:01:10.939195
3662d371-6e0a-409d-87c9-2be417e947f7,session4,session4,training,Diogo Ribeiro,blocked,0.33,-0.31,topshot_afba2934e6,CamaraBaliza,20:14,6m,opponent,15,True,2026-01-13T22:01:10.939195
5080761c-7177-4a0b-b781-380de9300de2,session4,session4,training,Humberto Gomes,goal,-1.31,-0.69,topshot_fac4e93221,CamaraBaliza,22:10,6m,home,15,True,2026-01-13T22:01:10.939195
75680d94-a1a6-4603-b70b-7cc04686a829,session4,session4,training,Diogo Ribeiro,defense,0.17,-0.61,topshot_160de2a701,CamaraBaliza,08:38,6m,home,15,True,2026-01-13T22:01:10.937687
620b8cd2-4c5f-4050-84e8-c2d48d6cd8fd,session4,session4,training,Humberto Gomes,defense,1.05,0.3,topshot_e0742ae7c8,CamaraBaliza,34:14,9m,home,19,True,2026-01-13T22:01:10.939195
aab5426c-2981-4328-b3fc-6de2d02bb6ec,session4,session4,training,Diogo Ribeiro,goal,1.36,-0.5,topshot_76600fe00a,CamaraBaliza,21:26,6m,home,17,True,2026-01-13T22:01:10.939195
807215a9-154a-4e01-8a6d-c6e4aebab580,session4,session4,training,Diogo Ribeiro,defense,1.26,0.49,topshot_066f55ca1c,CamaraBaliza,47:47,9m,home,21,True,2026-01-13T22:01:10.939195
9c6ddbf5-052b-455c-89be-1deefb7b1357,session4,session4,training,Humberto Gomes,goal,-1.37,-0.47,topshot_af48abb275,CamaraTopo,02:58,6m,opponent,20,True,2026-01-13T22:01:10.937687
