match_id,session_id,context,player_id,team,shot_pos_x,shot_pos_y,shot_id,player_number,time,zone,sensor_type
match1,match1,match,gr_3,FC_Porto,-15.66,4.66,topshot_6f06b1f9d5,31,2026-01-13T22:01:10.875233Z,6,CâmaraTopo
match1,match1,match,gr_14,ABC_Braga,-13.08,0.17,topshot_f6480bf405,13,2026-01-13T22:01:10.875233Z,6,CâmaraTopo
match1,match1,match,gr_2,FC_Porto,-14.12,-3.19,topshot_7276a9ca09,84,2026-01-13T22:01:10.875233Z,3,CâmaraTopo
match1,match1,match,gr_4,ABC_Braga,-14.27,-2.24,topshot_b20fce518a,25,2026-01-13T22:01:10.875233Z,3,CâmaraTopo
match1,match1,match,gr_15,ABC_Braga,-13.91,1.63,topshot_a9234dfa9c,55,2026-01-13T22:01:10.875233Z,6,CâmaraTopo
match1,match1,match,gr_18,ABC_Braga,-14.05,1.44,topshot_2d71acd7cc,7,2026-01-13T22:01:10.875233Z,6,CâmaraTopo
match1,match1,match,gr_3,ABC_Braga,-12.98,-0.59,topshot_1f87bd1958,22,2026-01-13T22:01:10.875233Z,3,CâmaraTopo
match1,match1,match,gr_6,SL_Benfica,-14.87,4.42,topshot_4f2b8ebe82,1,2026-01-13T22:01:10.875233Z,6,CâmaraTopo
match1,match1,match,gr_9,SL_Benfica,-14.78,-5.49,topshot_4c6c9e37f7,37,2026-01-13T22:01:10.875233Z,3,CâmaraTopo
match1,match1,match,gr_16,ABC_Braga,-13.75,-2.9,topshot_12726eef91,25,2026-01-13T22:01:10.875233Z,3,CâmaraTopo
match1,match1,match,gr_18,ABC_Braga,-14.83,3.89,topshot_7744f2519f,96,2026-01-13T22:01:10.875233Z,6,CâmaraTopo
match1,match1,match,gr_2,FC_Porto,-13.55,-0.83,topshot_6ccbfdbe93,62,2026-01-13T22:01:10.875233Z,3,CâmaraTopo
match1,match1,match,gr_3,ABC_Braga,-12.67,-1.75,topshot_67051fc618,9,2026-01-13T22:01:10.875233Z,3,CâmaraTopo
match1,match1,match,gr_4,FC_Porto,-13.14,-1.15,topshot_6a016504e3,32,2026-01-13T22:01:10.875233Z,3,CâmaraTopo
match1,match1,match,gr_2,FC_Porto,-13.44,-2.22,topshot_7c7f9964ce,11,2026-01-13T22:01:10.875233Z,3,CâmaraTopo
match1,match1,match,gr_9,ABC_Braga,-14.23,-3.35,topshot_0d3982d1bd,86,2026-01-13T22:01:10.875233Z,3,CâmaraTopo
match1,match1,match,gr_8,SL_Benfica,-13.18,-2.15,topshot_f65a63bde3,51,2026-01-13T22:01:10.875233Z,3,CâmaraTopo
match1,match1,match,gr_3,ABC_Braga,-14.14,-2.06,topshot_7cbc4055a6,59,2026-01-13T22:01:10.875233Z,3,CâmaraTopo
match1,match1,match,gr_19,ABC_Braga,-13.67,-2.97,topshot_f238a4720f,10,2026-01-13T22:01:10.875233Z,3,CâmaraTopo
match1,match1,match,gr_15,FC_Porto,-13.89,0.09,topshot_e740896e77,91,2026-01-13T22:01:10.875233Z,6,CâmaraTopo
match1,match1,match,gr_17,ABC_Braga,-14.05,2.58,topshot_73ce85e310,86,2026-01-13T22:01:10.875233Z,6,CâmaraTopo
match1,match1,match,gr_5,SL_Benfica,-12.88,-1.63,topshot_36058b9e4d,15,2026-01-13T22:01:10.875233Z,3,CâmaraTopo
match1,match1,match,gr_18,ABC_Braga,-14.33,4.8,topshot_8815817267,35,2026-01-13T22:01:10.875233Z,6,CâmaraTopo
match1,match1,match,gr_2,ABC_Braga,-13.16,-2.73,topshot_2ddc410254,82,2026-01-13T22:01:10.875233Z,3,CâmaraTopo
match1,match1,match,gr_9,ABC_Braga,-13.32,-0.09,topshot_d3f1ab027c,1,2026-01-13T22:01:10.875233Z,3,CâmaraTopo
match1,match1,match,gr_6,FC_Porto,-16.2,5.32,topshot_ecc3b98aee,57,2026-01-13T22:01:10.875233Z,6,CâmaraTopo
match1,match1,match,gr_19,FC_Porto,-15.43,-5.88,topshot_59e147d4a1,19,2026-01-13T22:01:10.875233Z,3,CâmaraTopo
match1,match1,match,gr_2,SL_Benfica,-13.55,-1.77,topshot_b513be9970,47,2026-01-13T22:01:10.875233Z,3,CâmaraTopo
match1,match1,match,gr_7,FC_Porto,-15.68,-6.06,topshot_077ffb4b34,32,2026-01-13T22:01:10.875233Z,3,CâmaraTopo
match1,match1,match,gr_14,FC_Porto,-13.46,-2.68,topshot_f87b05d94a,96,2026-01-13T22:01:10.875233Z,3,CâmaraTopo
match1,match1,match,gr_8,ABC_Braga,-14.55,3.05,topshot_689d11f31f,23,2026-01-13T22:01:10.875233Z,6,CâmaraTopo
match1,match1,match,gr_9,ABC_Braga,-15.73,-5.92,topshot_216c60ea68,90,2026-01-13T22:01:10.875233Z,3,CâmaraTopo
match1,match1,match,gr_15,SL_Benfica,-15.19,-4.15,topshot_1241aa9bea,40,2026-01-13T22:01:10.875233Z,3,CâmaraTopo
match1,match1,match,gr_7,SL_Benfica,-12.91,1.78,topshot_205a9a7bc3,43,2026-01-13T22:01:10.875233Z,6,CâmaraTopo
match1,match1,match,gr_17,SL_Benfica,-13.9,0.41,topshot_b22f54194a,87,2026-01-13T22:01:10.875233Z,6,CâmaraTopo
match1,match1,match,gr_18,SL_Benfica,-13.22,-3.36,topshot_9e5f52c112,4,2026-01-13T22:01:10.875233Z,3,CâmaraTopo
match1,match1,match,gr_9,ABC_Braga,-14.11,1.88,topshot_494a26d2a8,14,2026-01-13T22:01:10.875233Z,6,CâmaraTopo
match1,match1,match,gr_12,FC_Porto,-13.06,-0.4,topshot_8008292221,41,2026-01-13T22:01:10.875233Z,3,CâmaraTopo
match1,match1,match,gr_19,ABC_Braga,-13.5,1.64,topshot_92e2ea0081,33,2026-01-13T22:01:10.875233Z,6,CâmaraTopo
match1,match1,match,gr_4,FC_Porto,-13.85,4.33,topshot_78b9fd5b20,39,2026-01-13T22:01:10.875233Z,6,CâmaraTopo
match1,match1,match,gr_7,SL_Benfica,-14.67,4.36,topshot_e4fd053a2d,86,2026-01-13T22:01:10.875233Z,6,CâmaraTopo
match1,match1,match,gr_20,FC_Porto,-13.33,-3.44,topshot_03bcbcb755,39,2026-01-13T22:01:10.875233Z,3,CâmaraTopo
match1,match1,match,gr_1,SL_Benfica,-16.24,-5.48,topshot_586c874f72,37,2026-01-13T22:01:10.875233Z,3,CâmaraTopo
match1,match1,match,gr_11,SL_Benfica,-13.74,0.96,topshot_66c9933acb,57,2026-01-13T22:01:10.875233Z,6,CâmaraTopo
match1,match1,match,gr_7,FC_Porto,-14.73,-4.14,topshot_da43df69e2,61,2026-01-13T22:01:10.875233Z,3,CâmaraTopo
match1,match1,match,gr_10,FC_Porto,-13.09,-1.43,topshot_478f44ef4d,85,2026-01-13T22:01:10.875233Z,3,CâmaraTopo
match1,match1,match,gr_8,FC_Porto,-13.75,-3.18,topshot_7f596735a0,40,2026-01-13T22:01:10.875233Z,3,CâmaraTopo
match1,match1,match,gr_8,ABC_Braga,-13.81,-1.21,topshot_9235af2a55,84,2026-01-13T22:01:10.875233Z,3,CâmaraTopo
match1,match1,match,gr_14,ABC_Braga,-14.16,4.59,topshot_994df2d6d3,23,2026-01-13T22:01:10.876233Z,6,CâmaraTopo
match1,match1,match,gr_17,SL_Benfica,-14.92,-5.23,topshot_a9aa418d19,7,2026-01-13T22:01:10.876233Z,3,CâmaraTopo
match1,match1,match,gr_15,FC_Porto,-13.84,-0.78,topshot_38e324a2e1,68,2026-01-13T22:01:10.876233Z,3,CâmaraTopo
match1,match1,match,gr_15,FC_Porto,-15.9,-6.38,topshot_53f7b266e6,93,2026-01-13T22:01:10.876233Z,3,CâmaraTopo
match1,match1,match,gr_14,FC_Porto,-14.28,-4.73,topshot_4da85ced4d,58,2026-01-13T22:01:10.876233Z,3,CâmaraTopo
match1,match1,match,gr_9,ABC_Braga,-12.57,-0.17,topshot_e18ca31845,82,2026-01-13T22:01:10.876233Z,3,CâmaraTopo
match1,match1,match,gr_17,SL_Benfica,-14.56,-3.46,topshot_efe22caf01,81,2026-01-13T22:01:10.876233Z,3,CâmaraTopo
match1,match1,match,gr_8,SL_Benfica,-15.26,-4.28,topshot_701d606ebf,43,2026-01-13T22:01:10.876233Z,3,CâmaraTopo
match1,match1,match,gr_18,ABC_Braga,-13.76,1.87,topshot_1566bb7a5d,18,2026-01-13T22:01:10.876233Z,6,CâmaraTopo
match1,match1,match,gr_14,SL_Benfica,-13.78,1.22,topshot_a47fc8746a,43,2026-01-13T22:01:10.876233Z,6,CâmaraTopo
match1,match1,match,gr_14,SL_Benfica,-13.43,-1.99,topshot_cd302cd4e0,99,2026-01-13T22:01:10.876233Z,3,CâmaraTopo
match1,match1,match,gr_1,FC_Porto,-13.17,1.19,topshot_f06b7b4416,49,2026-01-13T22:01:10.876233Z,6,CâmaraTopo
match1,match1,match,gr_14,FC_Porto,-13.45,-0.98,topshot_980ae87469,96,2026-01-13T22:01:10.876233Z,3,CâmaraTopo
match1,match1,match,gr_16,ABC_Braga,-13.21,2.32,topshot_9f04a3c044,35,2026-01-13T22:01:10.876233Z,6,CâmaraTopo
match1,match1,match,gr_1,SL_Benfica,-16.38,-5.64,topshot_e585681d33,44,2026-01-13T22:01:10.876233Z,3,CâmaraTopo
match1,match1,match,gr_5,FC_Porto,-14.71,-5.09,topshot_0480ba49ce,69,2026-01-13T22:01:10.876233Z,3,CâmaraTopo
match1,match1,match,gr_1,ABC_Braga,-14.72,-2.93,topshot_5033dc15d0,83,2026-01-13T22:01:10.876233Z,3,CâmaraTopo
match1,match1,match,gr_15,ABC_Braga,-13.84,2.59,topshot_ebd9e73479,7,2026-01-13T22:01:10.876233Z,6,CâmaraTopo
match1,match1,match,gr_11,SL_Benfica,-13.79,-1.63,topshot_73daeb0ef5,36,2026-01-13T22:01:10.876233Z,3,CâmaraTopo
match1,match1,match,gr_1,FC_Porto,-12.67,-0.02,topshot_ed899617b0,70,2026-01-13T22:01:10.876233Z,3,CâmaraTopo
match1,match1,match,gr_12,ABC_Braga,-14.05,1.25,topshot_0d76139997,84,2026-01-13T22:01:10.876233Z,6,CâmaraTopo
match1,match1,match,gr_1,ABC_Braga,-13.95,0.84,topshot_f5ca5aa17b,26,2026-01-13T22:01:10.876233Z,6,CâmaraTopo
match1,match1,match,gr_20,ABC_Braga,-12.66,-0.28,topshot_cf4a267f6e,31,2026-01-13T22:01:10.876233Z,3,CâmaraTopo
match1,match1,match,gr_7,SL_Benfica,-14.1,-1.91,topshot_c0f908e552,90,2026-01-13T22:01:10.876233Z,3,CâmaraTopo
match1,match1,match,gr_19,ABC_Braga,-12.93,1.6,topshot_2a1ad32c27,40,2026-01-13T22:01:10.876233Z,6,CâmaraTopo
match1,match1,match,gr_13,SL_Benfica,-13.55,2.5,topshot_347c3dd275,92,2026-01-13T22:01:10.876233Z,6,CâmaraTopo
match1,match1,match,gr_19,ABC_Braga,-14.52,4.8,topshot_ac46170029,45,2026-01-13T22:01:10.876233Z,6,CâmaraTopo
match1,match1,match,gr_12,FC_Porto,-13.57,1.85,topshot_38f6472697,59,2026-01-13T22:01:10.876233Z,6,CâmaraTopo
match1,match1,match,gr_9,FC_Porto,-14.77,-4.85,topshot_6088856558,69,2026-01-13T22:01:10.876233Z,3,CâmaraTopo
match1,match1,match,gr_8,ABC_Braga,-14.61,-3.65,topshot_b3348fb230,36,2026-01-13T22:01:10.876233Z,3,CâmaraTopo
match1,match1,match,gr_20,FC_Porto,-12.59,0.16,topshot_003652babc,49,2026-01-13T22:01:10.876233Z,6,CâmaraTopo
match1,match1,match,gr_16,SL_Benfica,-14.46,3.47,topshot_9bf29a525a,24,2026-01-13T22:01:10.876233Z,6,CâmaraTopo
match2,match2,match,gr_11,ABC_Braga,-15.09,4.01,topshot_2430362348,96,2026-01-13T22:01:10.889773Z,6,CâmaraTopo
match2,match2,match,gr_20,SL_Benfica,-14.03,1.31,topshot_ea24c7b65d,12,2026-01-13T22:01:10.889773Z,6,CâmaraTopo
match2,match2,match,gr_13,ABC_Braga,-14.4,3.56,topshot_3785e63ed7,3,2026-01-13T22:01:10.889773Z,6,CâmaraTopo
match2,match2,match,gr_5,ABC_Braga,-13.37,-2.82,topshot_b6cd38efb2,39,2026-01-13T22:01:10.889773Z,3,CâmaraTopo
match2,match2,match,gr_20,ABC_Braga,-13.95,2.37,topshot_c84c9a56fd,46,2026-01-13T22:01:10.889773Z,6,CâmaraTopo
match2,match2,match,gr_13,SL_Benfica,-14.12,-3.38,topshot_f5d2694354,35,2026-01-13T22:01:10.889773Z,3,CâmaraTopo
match2,match2,match,gr_20,ABC_Braga,-13.25,2.78,topshot_29f6e08b02,56,2026-01-13T22:01:10.889773Z,6,CâmaraTopo
match2,match2,match,gr_15,FC_Porto,-13.85,3.36,topshot_c46a719f2e,29,2026-01-13T22:01:10.889773Z,6,CâmaraTopo
match2,match2,match,gr_5,SL_Benfica,-13.35,2.29,topshot_cc83ec52d6,68,2026-01-13T22:01:10.889773Z,6,CâmaraTopo
match2,match2,match,gr_10,ABC_Braga,-13.8,0.25,topshot_fef3aa3b84,67,2026-01-13T22:01:10.889773Z,6,CâmaraTopo
match2,match2,match,gr_19,ABC_Braga,-12.96,1.28,topshot_b427adb158,99,2026-01-13T22:01:10.889773Z,6,CâmaraTopo
match2,match2,match,gr_4,FC_Porto,-13.82,-2.85,topshot_7738c71d0e,85,2026-01-13T22:01:10.889773Z,3,CâmaraTopo
match2,match2,match,gr_2,ABC_Braga,-13.42,1.45,topshot_70e454f4b7,54,2026-01-13T22:01:10.889773Z,6,CâmaraTopo
match2,match2,match,gr_10,SL_Benfica,-15.62,-5.97,topshot_da8be6c657,76,2026-01-13T22:01:10.889773Z,3,CâmaraTopo
match2,match2,match,gr_9,SL_Benfica,-12.84,0.18,topshot_0ce9fa2b1c,24,2026-01-13T22:01:10.889773Z,6,CâmaraTopo
match2,match2,match,gr_4,SL_Benfica,-14.32,2.3,topshot_1fd6e22588,69,2026-01-13T22:01:10.889773Z,6,CâmaraTopo
match2,match2,match,gr_13,ABC_Braga,-13.98,-0.26,topshot_769d65eecf,2,2026-01-13T22:01:10.889773Z,3,CâmaraTopo
match2,match2,match,gr_20,FC_Porto,-12.65,0.81,topshot_bf55ac33f5,63,2026-01-13T22:01:10.889773Z,6,CâmaraTopo
match2,match2,match,gr_13,SL_Benfica,-14.3,-4.24,topshot_2950bb90a7,12,2026-01-13T22:01:10.889773Z,3,CâmaraTopo
match2,match2,match,gr_1,FC_Porto,-13.98,1.49,topshot_055eaab7c9,25,2026-01-13T22:01:10.889773Z,6,CâmaraTopo
match2,match2,match,gr_14,FC_Porto,-14.24,-2.65,topshot_98e71066ec,69,2026-01-13T22:01:10.889773Z,3,CâmaraTopo
match2,match2,match,gr_10,SL_Benfica,-14.73,-3.47,topshot_380848d0b9,19,2026-01-13T22:01:10.889773Z,3,CâmaraTopo
match2,match2,match,gr_19,ABC_Braga,-12.68,-0.93,topshot_2adace8b35,26,2026-01-13T22:01:10.890772Z,3,CâmaraTopo
match2,match2,match,gr_11,ABC_Braga,-13.71,1.53,topshot_0a90a5faea,14,2026-01-13T22:01:10.890772Z,6,CâmaraTopo
match2,match2,match,gr_14,SL_Benfica,-13.65,-2.97,topshot_5e2065d793,64,2026-01-13T22:01:10.890772Z,3,CâmaraTopo
match2,match2,match,gr_10,ABC_Braga,-13.78,-3.59,topshot_be8a00a6c2,63,2026-01-13T22:01:10.890772Z,3,CâmaraTopo
match2,match2,match,gr_17,FC_Porto,-13.79,-2.34,topshot_63ce6667db,93,2026-01-13T22:01:10.890772Z,3,CâmaraTopo
match2,match2,match,gr_16,ABC_Braga,-14.39,2.41,topshot_59d9fb2e93,64,2026-01-13T22:01:10.890772Z,6,CâmaraTopo
match2,match2,match,gr_12,SL_Benfica,-13.37,-2.23,topshot_c66fedf03b,90,2026-01-13T22:01:10.890772Z,3,CâmaraTopo
match2,match2,match,gr_16,SL_Benfica,-13.9,2.76,topshot_278009a19a,57,2026-01-13T22:01:10.890772Z,6,CâmaraTopo
match2,match2,match,gr_8,FC_Porto,-15.06,4.02,topshot_0fc7d7f231,88,2026-01-13T22:01:10.890772Z,6,CâmaraTopo
match2,match2,match,gr_12,SL_Benfica,-14.53,5.19,topshot_5b7615e8be,21,2026-01-13T22:01:10.890772Z,6,CâmaraTopo
match2,match2,match,gr_5,ABC_Braga,-15.15,5.14,topshot_430ffc205f,26,2026-01-13T22:01:10.890772Z,6,CâmaraTopo
match2,match2,match,gr_16,SL_Benfica,-16.05,-4.84,topshot_2894bb65f4,31,2026-01-13T22:01:10.890772Z,3,CâmaraTopo
match2,match2,match,gr_2,ABC_Braga,-13.67,0.28,topshot_69b8f60c4a,46,2026-01-13T22:01:10.890772Z,6,CâmaraTopo
match2,match2,match,gr_17,ABC_Braga,-12.71,-1.35,topshot_dd99538831,9,2026-01-13T22:01:10.890772Z,3,CâmaraTopo
match2,match2,match,gr_18,SL_Benfica,-15.15,-5.37,topshot_df795ca5f0,20,2026-01-13T22:01:10.890772Z,3,CâmaraTopo
match2,match2,match,gr_4,FC_Porto,-13.46,3.38,topshot_d92980ce25,7,2026-01-13T22:01:10.890772Z,6,CâmaraTopo
match2,match2,match,gr_4,FC_Porto,-14.02,1.56,topshot_8ffaf776fc,79,2026-01-13T22:01:10.890772Z,6,CâmaraTopo
match2,match2,match,gr_2,FC_Porto,-15.39,5.59,topshot_cb71caa1df,14,2026-01-13T22:01:10.890772Z,6,CâmaraTopo
match2,match2,match,gr_4,ABC_Braga,-14.02,-1.87,topshot_a5974e7a29,47,2026-01-13T22:01:10.890772Z,3,CâmaraTopo
match2,match2,match,gr_17,SL_Benfica,-13.81,-0.88,topshot_c416f7b295,94,2026-01-13T22:01:10.890772Z,3,CâmaraTopo
match2,match2,match,gr_5,FC_Porto,-13.59,3.68,topshot_e150841064,47,2026-01-13T22:01:10.890772Z,6,CâmaraTopo
match2,match2,match,gr_15,SL_Benfica,-14.72,3.85,topshot_d8786c93ae,99,2026-01-13T22:01:10.890772Z,6,CâmaraTopo
match2,match2,match,gr_8,SL_Benfica,-14.66,4.87,topshot_3ce675fa8c,44,2026-01-13T22:01:10.890772Z,6,CâmaraTopo
match2,match2,match,gr_14,SL_Benfica,-13.65,1.2,topshot_f647457eff,81,2026-01-13T22:01:10.890772Z,6,CâmaraTopo
match2,match2,match,gr_14,SL_Benfica,-14.49,-3.18,topshot_808838e6d2,53,2026-01-13T22:01:10.890772Z,3,CâmaraTopo
match2,match2,match,gr_1,SL_Benfica,-13.02,-1.27,topshot_883f196454,19,2026-01-13T22:01:10.890772Z,3,CâmaraTopo
match2,match2,match,gr_3,ABC_Braga,-12.82,-0.88,topshot_9905701a39,44,2026-01-13T22:01:10.890772Z,3,CâmaraTopo
match2,match2,match,gr_6,SL_Benfica,-14.6,-3.62,topshot_4dab2f6e5d,8,2026-01-13T22:01:10.890772Z,3,CâmaraTopo
match2,match2,match,gr_17,SL_Benfica,-12.86,-1.41,topshot_7c2a9efccb,54,2026-01-13T22:01:10.890772Z,3,CâmaraTopo
match2,match2,match,gr_10,FC_Porto,-13.59,-1.75,topshot_c68ce64d0f,96,2026-01-13T22:01:10.890772Z,3,CâmaraTopo
match2,match2,match,gr_20,ABC_Braga,-14.25,3.14,topshot_ebe9b094b0,90,2026-01-13T22:01:10.890772Z,6,CâmaraTopo
match2,match2,match,gr_7,FC_Porto,-16.14,-5.41,topshot_7642775dea,80,2026-01-13T22:01:10.890772Z,3,CâmaraTopo
match2,match2,match,gr_13,ABC_Braga,-13.45,-3.13,topshot_e249d540fc,39,2026-01-13T22:01:10.890772Z,3,CâmaraTopo
match2,match2,match,gr_17,FC_Porto,-13.53,3.6,topshot_5c673a4058,37,2026-01-13T22:01:10.890772Z,6,CâmaraTopo
match2,match2,match,gr_18,FC_Porto,-16.21,5.9,topshot_87d2723e33,34,2026-01-13T22:01:10.890772Z,6,CâmaraTopo
match2,match2,match,gr_4,FC_Porto,-12.93,-1.56,topshot_aa2fa7e441,8,2026-01-13T22:01:10.890772Z,3,CâmaraTopo
match2,match2,match,gr_9,FC_Porto,-16.03,-6.18,topshot_3d602e2a50,65,2026-01-13T22:01:10.890772Z,3,CâmaraTopo
match2,match2,match,gr_8,FC_Porto,-13.53,-0.29,topshot_4aeef63c9b,75,2026-01-13T22:01:10.890772Z,3,CâmaraTopo
match2,match2,match,gr_5,FC_Porto,-15.32,5.39,topshot_013641fe53,49,2026-01-13T22:01:10.890772Z,6,CâmaraTopo
match2,match2,match,gr_14,SL_Benfica,-12.76,-1.07,topshot_4ebfcc8b55,11,2026-01-13T22:01:10.890772Z,3,CâmaraTopo
match2,match2,match,gr_13,SL_Benfica,-13.87,-3.54,topshot_c7c323d821,75,2026-01-13T22:01:10.890772Z,3,CâmaraTopo
match2,match2,match,gr_16,FC_Porto,-16.39,-5.62,topshot_f428440d2f,54,2026-01-13T22:01:10.890772Z,3,CâmaraTopo
match2,match2,match,gr_5,FC_Porto,-13.33,3.02,topshot_4b4bef74e4,17,2026-01-13T22:01:10.890772Z,6,CâmaraTopo
match2,match2,match,gr_17,ABC_Braga,-13.58,2.3,topshot_5113bb54ac,89,2026-01-13T22:01:10.890772Z,6,CâmaraTopo
match2,match2,match,gr_18,SL_Benfica,-15.66,-4.62,topshot_1d9f7a2b72,16,2026-01-13T22:01:10.890772Z,3,CâmaraTopo
match2,match2,match,gr_14,ABC_Braga,-13.1,0.96,topshot_958f25aaef,16,2026-01-13T22:01:10.890772Z,6,CâmaraTopo
match2,match2,match,gr_4,SL_Benfica,-13.48,-0.98,topshot_75a4eb7bb3,40,2026-01-13T22:01:10.890772Z,3,CâmaraTopo
match2,match2,match,gr_10,SL_Benfica,-13.69,4.22,topshot_fe8cb50235,63,2026-01-13T22:01:10.890772Z,6,CâmaraTopo
match2,match2,match,gr_6,FC_Porto,-12.57,-1.04,topshot_ebf07fae01,63,2026-01-13T22:01:10.890772Z,3,CâmaraTopo
match2,match2,match,gr_18,SL_Benfica,-14.43,2.25,topshot_ca72f220e4,9,2026-01-13T22:01:10.890772Z,6,CâmaraTopo
match2,match2,match,gr_11,SL_Benfica,-13.45,2.19,topshot_15c681ffb4,61,2026-01-13T22:01:10.890772Z,6,CâmaraTopo
match2,match2,match,gr_5,FC_Porto,-12.73,0.98,topshot_1eefb44ce1,82,2026-01-13T22:01:10.890772Z,6,CâmaraTopo
match2,match2,match,gr_20,FC_Porto,-13.8,2.02,topshot_422c9a4f19,80,2026-01-13T22:01:10.890772Z,6,CâmaraTopo
match2,match2,match,gr_18,ABC_Braga,-13.35,0.36,topshot_5f884f34ee,86,2026-01-13T22:01:10.890772Z,6,CâmaraTopo
match2,match2,match,gr_9,FC_Porto,-13.48,3.55,topshot_b63003e082,12,2026-01-13T22:01:10.890772Z,6,CâmaraTopo
match2,match2,match,gr_1,ABC_Braga,-13.24,1.45,topshot_dec5f0f663,85,2026-01-13T22:01:10.890772Z,6,CâmaraTopo
match2,match2,match,gr_6,ABC_Braga,-13.52,3.77,topshot_d40e8bf38d,36,2026-01-13T22:01:10.890772Z,6,CâmaraTopo
match2,match2,match,gr_2,SL_Benfica,-14.67,-3.97,topshot_2999fef4eb,3,2026-01-13T22:01:10.890772Z,3,CâmaraTopo
session1,session1,training,gr_4,ABC_Braga,-12.61,0.39,topshot_77e49b5404,91,2026-01-13T22:01:10.901013Z,6,CâmaraTopo
session1,session1,training,gr_3,ABC_Braga,-12.84,2.11,topshot_e5db4ef131,56,2026-01-13T22:01:10.901013Z,6,CâmaraTopo
session1,session1,training,gr_11,FC_Porto,-13.75,1.23,topshot_ea99821365,68,2026-01-13T22:01:10.901013Z,6,CâmaraTopo
session1,session1,training,gr_6,SL_Benfica,-12.78,-1.1,topshot_f295faeb36,37,2026-01-13T22:01:10.901013Z,3,CâmaraTopo
session1,session1,training,gr_17,ABC_Braga,-13.47,2.36,topshot_94fc5b4546,11,2026-01-13T22:01:10.901013Z,6,CâmaraTopo
session1,session1,training,gr_7,FC_Porto,-14.15,2.38,topshot_bf0070405b,16,2026-01-13T22:01:10.901013Z,6,CâmaraTopo
session1,session1,training,gr_3,ABC_Braga,-13.72,3.36,topshot_ae8ff27a4e,24,2026-01-13T22:01:10.901013Z,6,CâmaraTopo
session1,session1,training,gr_13,FC_Porto,-12.64,0.1,topshot_2641bc1c15,76,2026-01-13T22:01:10.901013Z,6,CâmaraTopo
session1,session1,training,gr_9,SL_Benfica,-13.45,0.02,topshot_303a3eb5ec,97,2026-01-13T22:01:10.901013Z,6,CâmaraTopo
session1,session1,training,gr_2,ABC_Braga,-13.75,0.37,topshot_ad7dad4d0b,64,2026-01-13T22:01:10.901013Z,6,CâmaraTopo
session1,session1,training,gr_1,FC_Porto,-13.89,0.44,topshot_162868d4f9,87,2026-01-13T22:01:10.901013Z,6,CâmaraTopo
session1,session1,training,gr_20,FC_Porto,-13.63,2.76,topshot_07331a2c9f,9,2026-01-13T22:01:10.901013Z,6,CâmaraTopo
session1,session1,training,gr_12,SL_Benfica,-13.36,3.02,topshot_36fe5c502e,39,2026-01-13T22:01:10.901013Z,6,CâmaraTopo
session1,session1,training,gr_7,ABC_Braga,-14.6,-4.8,topshot_ecd8830ec8,76,2026-01-13T22:01:10.901013Z,3,CâmaraTopo
session1,session1,training,gr_11,SL_Benfica,-15.41,-5.42,topshot_29a8cd105d,60,2026-01-13T22:01:10.901013Z,3,CâmaraTopo
session1,session1,training,gr_15,SL_Benfica,-13.71,3.88,topshot_0016029f9b,20,2026-01-13T22:01:10.901013Z,6,CâmaraTopo
session1,session1,training,gr_1,ABC_Braga,-13.77,0.01,topshot_7fa91b6dc7,41,2026-01-13T22:01:10.901013Z,6,CâmaraTopo
session1,session1,training,gr_14,FC_Porto,-12.9,2.06,topshot_12fa741227,23,2026-01-13T22:01:10.901013Z,6,CâmaraTopo
session1,session1,training,gr_6,ABC_Braga,-14.21,2.34,topshot_72cc5d2b72,13,2026-01-13T22:01:10.901013Z,6,CâmaraTopo
session1,session1,training,gr_16,SL_Benfica,-13.7,0.43,topshot_94330166e4,21,2026-01-13T22:01:10.901013Z,6,CâmaraTopo
session1,session1,training,gr_8,ABC_Braga,-14.67,3.7,topshot_2549477ccf,63,2026-01-13T22:01:10.901013Z,6,CâmaraTopo
session1,session1,training,gr_2,SL_Benfica,-13.72,2.56,topshot_1cb1e73882,14,2026-01-13T22:01:10.901013Z,6,CâmaraTopo
session1,session1,training,gr_8,FC_Porto,-14.36,3.15,topshot_57a2ab4c19,64,2026-01-13T22:01:10.901013Z,6,CâmaraTopo
session1,session1,training,gr_6,SL_Benfica,-13.51,0.26,topshot_0faaf93fcc,81,2026-01-13T22:01:10.901013Z,6,CâmaraTopo
session1,session1,training,gr_20,ABC_Braga,-14.32,-3.15,topshot_a9cbfa41f9,68,2026-01-13T22:01:10.901013Z,3,CâmaraTopo
session1,session1,training,gr_12,FC_Porto,-13.28,2.46,topshot_957e3e6fff,61,2026-01-13T22:01:10.901013Z,6,CâmaraTopo
session1,session1,training,gr_15,SL_Benfica,-16.38,-4.91,topshot_6dc19c859a,54,2026-01-13T22:01:10.901013Z,3,CâmaraTopo
session1,session1,training,gr_11,FC_Porto,-12.8,-1.92,topshot_a82d62cf1f,61,2026-01-13T22:01:10.901013Z,3,CâmaraTopo
session1,session1,training,gr_19,ABC_Braga,-13.98,1.91,topshot_f9ec674824,91,2026-01-13T22:01:10.901013Z,6,CâmaraTopo
session1,session1,training,gr_1,SL_Benfica,-14.16,-3.38,topshot_f876f5fc67,66,2026-01-13T22:01:10.901013Z,3,CâmaraTopo
session1,session1,training,gr_17,SL_Benfica,-13.6,1.22,topshot_66bc2cabde,60,2026-01-13T22:01:10.901013Z,6,CâmaraTopo
session1,session1,training,gr_9,ABC_Braga,-16.1,5.77,topshot_89813e975c,58,2026-01-13T22:01:10.901013Z,6,CâmaraTopo
session1,session1,training,gr_12,ABC_Braga,-13.72,0.62,topshot_b37241c9bb,61,2026-01-13T22:01:10.901013Z,6,CâmaraTopo
session1,session1,training,gr_1,SL_Benfica,-15.47,-4.51,topshot_b2ba7e0ca2,46,2026-01-13T22:01:10.901013Z,3,CâmaraTopo
session1,session1,training,gr_11,SL_Benfica,-13.57,0.2,topshot_24c6021999,41,2026-01-13T22:01:10.901013Z,6,CâmaraTopo
session1,session1,training,gr_10,ABC_Braga,-13.15,2.15,topshot_ae53cc6ecc,49,2026-01-13T22:01:10.901013Z,6,CâmaraTopo
session1,session1,training,gr_1,SL_Benfica,-15.56,4.98,topshot_071cce29cb,34,2026-01-13T22:01:10.901013Z,6,CâmaraTopo
session1,session1,training,gr_14,ABC_Braga,-13.02,0.81,topshot_1240dda756,48,2026-01-13T22:01:10.901013Z,6,CâmaraTopo
session1,session1,training,gr_13,FC_Porto,-13.45,1.59,topshot_a8cd1e2e18,21,2026-01-13T22:01:10.901013Z,6,CâmaraTopo
session1,session1,training,gr_9,ABC_Braga,-13.13,2.21,topshot_d9b75ecac3,91,2026-01-13T22:01:10.901013Z,6,CâmaraTopo
session1,session1,training,gr_10,ABC_Braga,-13.25,1.73,topshot_9d0d0e7613,76,2026-01-13T22:01:10.901013Z,6,CâmaraTopo
session1,session1,training,gr_18,SL_Benfica,-12.63,-0.52,topshot_191ebff418,48,2026-01-13T22:01:10.901013Z,3,CâmaraTopo
session1,session1,training,gr_1,FC_Porto,-13.95,1.47,topshot_81eea2af9c,56,2026-01-13T22:01:10.901013Z,6,CâmaraTopo
session1,session1,training,gr_13,ABC_Braga,-13.58,-2.88,topshot_316d9de11f,42,2026-01-13T22:01:10.901013Z,3,CâmaraTopo
session1,session1,training,gr_19,ABC_Braga,-15.09,-4.28,topshot_87a3697fb8,66,2026-01-13T22:01:10.901013Z,3,CâmaraTopo
session1,session1,training,gr_8,ABC_Braga,-14.27,2.11,topshot_cd479cf412,97,2026-01-13T22:01:10.901013Z,6,CâmaraTopo
session1,session1,training,gr_12,SL_Benfica,-14.21,3.13,topshot_b11fde09b7,11,2026-01-13T22:01:10.901013Z,6,CâmaraTopo
session1,session1,training,gr_17,SL_Benfica,-14.26,-3.78,topshot_3cff7b366a,83,2026-01-13T22:01:10.901013Z,3,CâmaraTopo
session1,session1,training,gr_9,ABC_Braga,-14.32,2.8,topshot_bdd55b91d3,31,2026-01-13T22:01:10.902014Z,6,CâmaraTopo
session1,session1,training,gr_18,ABC_Braga,-15.39,3.99,topshot_5f1a747139,7,2026-01-13T22:01:10.902014Z,6,CâmaraTopo
session1,session1,training,gr_2,ABC_Braga,-13.09,-1.3,topshot_df6bbb629d,98,2026-01-13T22:01:10.902014Z,3,CâmaraTopo
session1,session1,training,gr_11,SL_Benfica,-14.26,2.46,topshot_542fe06466,97,2026-01-13T22:01:10.902014Z,6,CâmaraTopo
session1,session1,training,gr_2,ABC_Braga,-13.71,0.6,topshot_127fb5b507,30,2026-01-13T22:01:10.902014Z,6,CâmaraTopo
session1,session1,training,gr_18,ABC_Braga,-13.76,-1.12,topshot_0e9d553b8c,81,2026-01-13T22:01:10.902014Z,3,CâmaraTopo
session1,session1,training,gr_6,ABC_Braga,-14.47,3.99,topshot_a99c12602e,97,2026-01-13T22:01:10.902014Z,6,CâmaraTopo
session1,session1,training,gr_9,SL_Benfica,-13.2,-1.56,topshot_c61c57a5ac,16,2026-01-13T22:01:10.902014Z,3,CâmaraTopo
session1,session1,training,gr_17,SL_Benfica,-16.37,-5.66,topshot_6170b6da0b,27,2026-01-13T22:01:10.902014Z,3,CâmaraTopo
session1,session1,training,gr_7,FC_Porto,-14.72,-5.18,topshot_42e9c7b8c9,95,2026-01-13T22:01:10.902014Z,3,CâmaraTopo
session1,session1,training,gr_10,SL_Benfica,-14.09,-4.49,topshot_92f3f053e6,60,2026-01-13T22:01:10.902014Z,3,CâmaraTopo
session1,session1,training,gr_9,ABC_Braga,-14.53,-2.67,topshot_63a239de80,66,2026-01-13T22:01:10.902014Z,3,CâmaraTopo
session1,session1,training,gr_7,SL_Benfica,-14.65,2.76,topshot_2c7e9b6a04,93,2026-01-13T22:01:10.902014Z,6,CâmaraTopo
session1,session1,training,gr_11,SL_Benfica,-15.73,-5.06,topshot_54def16bef,51,2026-01-13T22:01:10.902014Z,3,CâmaraTopo
session1,session1,training,gr_20,ABC_Braga,-13.62,-0.52,topshot_288df97776,1,2026-01-13T22:01:10.902014Z,3,CâmaraTopo
session1,session1,training,gr_9,ABC_Braga,-14.47,-4.87,topshot_c4f152e6bb,39,2026-01-13T22:01:10.902014Z,3,CâmaraTopo
session1,session1,training,gr_12,ABC_Braga,-13.01,1.56,topshot_eaaff3efb7,83,2026-01-13T22:01:10.902014Z,6,CâmaraTopo
session1,session1,training,gr_14,FC_Porto,-13.39,0.94,topshot_6b9dca72d3,3,2026-01-13T22:01:10.902014Z,6,CâmaraTopo
session1,session1,training,gr_15,ABC_Braga,-14.07,1.21,topshot_f019e0bedb,16,2026-01-13T22:01:10.902014Z,6,CâmaraTopo
session1,session1,training,gr_1,SL_Benfica,-12.66,1.41,topshot_af3a9dd1f7,23,2026-01-13T22:01:10.902014Z,6,CâmaraTopo
session1,session1,training,gr_19,SL_Benfica,-13.54,-2.51,topshot_8f5b0e64ea,9,2026-01-13T22:01:10.902014Z,3,CâmaraTopo
session1,session1,training,gr_1,ABC_Braga,-15.19,3.98,topshot_5ee7bddd6e,64,2026-01-13T22:01:10.902014Z,6,CâmaraTopo
session1,session1,training,gr_15,SL_Benfica,-13.61,1.98,topshot_8fd2d7d350,23,2026-01-13T22:01:10.902014Z,6,CâmaraTopo
session1,session1,training,gr_9,ABC_Braga,-13.76,2.63,topshot_197b95172f,86,2026-01-13T22:01:10.902014Z,6,CâmaraTopo
session1,session1,training,gr_15,ABC_Braga,-13.77,1.62,topshot_472efae8e2,84,2026-01-13T22:01:10.902014Z,6,CâmaraTopo
session1,session1,training,gr_16,ABC_Braga,-13.64,2.68,topshot_8170699d5d,92,2026-01-13T22:01:10.902014Z,6,CâmaraTopo
session1,session1,training,gr_16,FC_Porto,-14.12,3.28,topshot_669d49c590,21,2026-01-13T22:01:10.902014Z,6,CâmaraTopo
session1,session1,training,gr_11,FC_Porto,-13.87,-3.08,topshot_589f34fd1a,82,2026-01-13T22:01:10.902014Z,3,CâmaraTopo
session1,session1,training,gr_15,SL_Benfica,-13.62,1.51,topshot_55eaf2c475,99,2026-01-13T22:01:10.902014Z,6,CâmaraTopo
session1,session1,training,gr_16,FC_Porto,-14.18,2.81,topshot_10e88db102,70,2026-01-13T22:01:10.902014Z,6,CâmaraTopo
session1,session1,training,gr_9,ABC_Braga,-13.49,1.36,topshot_d62d1c1bf6,43,2026-01-13T22:01:10.902014Z,6,CâmaraTopo
session1,session1,training,gr_2,SL_Benfica,-13.04,1.34,topshot_8374874e7a,65,2026-01-13T22:01:10.902014Z,6,CâmaraTopo
session2,session2,training,gr_20,FC_Porto,-13.19,0.23,topshot_95ab8ae5be,59,2026-01-13T22:01:10.913611Z,6,CâmaraTopo
session2,session2,training,gr_8,SL_Benfica,-12.61,0.09,topshot_06e1727f07,69,2026-01-13T22:01:10.914619Z,6,CâmaraTopo
session2,session2,training,gr_9,ABC_Braga,-13.35,0.97,topshot_4bd0d1a1ce,3,2026-01-13T22:01:10.914619Z,6,CâmaraTopo
session2,session2,training,gr_14,FC_Porto,-13.13,-1.47,topshot_32a5fd74ec,72,2026-01-13T22:01:10.914619Z,3,CâmaraTopo
session2,session2,training,gr_9,FC_Porto,-12.58,1.53,topshot_d6bc5cbfc2,99,2026-01-13T22:01:10.914619Z,6,CâmaraTopo
session2,session2,training,gr_17,ABC_Braga,-14.9,3.74,topshot_7f675319dd,65,2026-01-13T22:01:10.914619Z,6,CâmaraTopo
session2,session2,training,gr_8,FC_Porto,-12.78,2.15,topshot_5c01b3a5f9,30,2026-01-13T22:01:10.914619Z,6,CâmaraTopo
session2,session2,training,gr_9,ABC_Braga,-14.88,3.17,topshot_6157371973,30,2026-01-13T22:01:10.914619Z,6,CâmaraTopo
session2,session2,training,gr_14,ABC_Braga,-12.88,2.42,topshot_462a7dede6,24,2026-01-13T22:01:10.914619Z,6,CâmaraTopo
session2,session2,training,gr_13,ABC_Braga,-15.6,5.28,topshot_c03006f164,45,2026-01-13T22:01:10.914619Z,6,CâmaraTopo
session2,session2,training,gr_15,ABC_Braga,-13.04,-0.53,topshot_2dc52070a6,1,2026-01-13T22:01:10.914619Z,3,CâmaraTopo
session2,session2,training,gr_9,ABC_Braga,-14.25,-2.87,topshot_e6706fe810,3,2026-01-13T22:01:10.914619Z,3,CâmaraTopo
session2,session2,training,gr_9,ABC_Braga,-14.15,-1.69,topshot_5771f32c6c,73,2026-01-13T22:01:10.914619Z,3,CâmaraTopo
session2,session2,training,gr_18,FC_Porto,-14.0,2.33,topshot_512702449f,10,2026-01-13T22:01:10.914619Z,6,CâmaraTopo
session2,session2,training,gr_15,ABC_Braga,-13.77,0.02,topshot_732424557f,76,2026-01-13T22:01:10.914619Z,6,CâmaraTopo
session2,session2,training,gr_9,FC_Porto,-13.39,1.97,topshot_a1068ff0cc,53,2026-01-13T22:01:10.914619Z,6,CâmaraTopo
session2,session2,training,gr_6,SL_Benfica,-14.18,2.49,topshot_3da3ace5bd,11,2026-01-13T22:01:10.914619Z,6,CâmaraTopo
session2,session2,training,gr_6,SL_Benfica,-13.29,3.54,topshot_e3531c86e6,2,2026-01-13T22:01:10.914619Z,6,CâmaraTopo
session2,session2,training,gr_7,SL_Benfica,-13.85,0.47,topshot_a394efa2ce,49,2026-01-13T22:01:10.914619Z,6,CâmaraTopo
session2,session2,training,gr_18,SL_Benfica,-14.02,0.65,topshot_3a70011823,58,2026-01-13T22:01:10.914619Z,6,CâmaraTopo
session2,session2,training,gr_5,ABC_Braga,-13.99,3.8,topshot_89e9aaced1,5,2026-01-13T22:01:10.914619Z,6,CâmaraTopo
session2,session2,training,gr_8,SL_Benfica,-16.24,5.85,topshot_7cfa91f23c,54,2026-01-13T22:01:10.914619Z,6,CâmaraTopo
session2,session2,training,gr_14,FC_Porto,-13.49,2.97,topshot_faf7756eb1,75,2026-01-13T22:01:10.914619Z,6,CâmaraTopo
session2,session2,training,gr_2,ABC_Braga,-14.05,-2.72,topshot_997602712f,64,2026-01-13T22:01:10.914619Z,3,CâmaraTopo
session2,session2,training,gr_11,FC_Porto,-13.62,0.42,topshot_00fc806caa,2,2026-01-13T22:01:10.914619Z,6,CâmaraTopo
session2,session2,training,gr_2,FC_Porto,-13.94,1.02,topshot_be92463106,58,2026-01-13T22:01:10.914619Z,6,CâmaraTopo
session2,session2,training,gr_13,FC_Porto,-13.97,1.74,topshot_2da8cdccda,6,2026-01-13T22:01:10.914619Z,6,CâmaraTopo
session2,session2,training,gr_16,ABC_Braga,-12.94,1.34,topshot_5f6723961d,84,2026-01-13T22:01:10.914619Z,6,CâmaraTopo
session2,session2,training,gr_9,SL_Benfica,-13.46,1.04,topshot_5ccfa96dca,91,2026-01-13T22:01:10.914619Z,6,CâmaraTopo
session2,session2,training,gr_14,ABC_Braga,-12.9,1.42,topshot_91ea2920b2,64,2026-01-13T22:01:10.914619Z,6,CâmaraTopo
session2,session2,training,gr_3,SL_Benfica,-14.44,2.7,topshot_0367ca0c62,1,2026-01-13T22:01:10.914619Z,6,CâmaraTopo
session2,session2,training,gr_10,ABC_Braga,-15.25,4.77,topshot_c211a8a53a,53,2026-01-13T22:01:10.914619Z,6,CâmaraTopo
session2,session2,training,gr_10,SL_Benfica,-16.34,4.86,topshot_e41f4cff6c,17,2026-01-13T22:01:10.914619Z,6,CâmaraTopo
session2,session2,training,gr_19,SL_Benfica,-14.73,4.87,topshot_1959ae3377,40,2026-01-13T22:01:10.914619Z,6,CâmaraTopo
session2,session2,training,gr_15,SL_Benfica,-13.17,-2.22,topshot_11ee6fce95,24,2026-01-13T22:01:10.914619Z,3,CâmaraTopo
session2,session2,training,gr_5,SL_Benfica,-13.07,-1.0,topshot_e6633f8ee6,53,2026-01-13T22:01:10.914619Z,3,CâmaraTopo
session2,session2,training,gr_15,FC_Porto,-14.2,1.97,topshot_b7107ca525,39,2026-01-13T22:01:10.914619Z,6,CâmaraTopo
session2,session2,training,gr_5,SL_Benfica,-16.14,6.02,topshot_fda72fa7ba,45,2026-01-13T22:01:10.914619Z,6,CâmaraTopo
session2,session2,training,gr_12,FC_Porto,-12.82,1.46,topshot_c7b18cb406,70,2026-01-13T22:01:10.914619Z,6,CâmaraTopo
session2,session2,training,gr_4,FC_Porto,-13.56,-1.28,topshot_8799265f81,86,2026-01-13T22:01:10.914619Z,3,CâmaraTopo
session2,session2,training,gr_18,FC_Porto,-13.92,1.1,topshot_15d24d5da2,12,2026-01-13T22:01:10.914619Z,6,CâmaraTopo
session2,session2,training,gr_10,FC_Porto,-13.13,3.23,topshot_e413f1fdbe,78,2026-01-13T22:01:10.914619Z,6,CâmaraTopo
session2,session2,training,gr_18,SL_Benfica,-13.02,2.07,topshot_acd0d04dac,66,2026-01-13T22:01:10.914619Z,6,CâmaraTopo
session2,session2,training,gr_17,FC_Porto,-13.21,3.08,topshot_1016b037cd,35,2026-01-13T22:01:10.914619Z,6,CâmaraTopo
session2,session2,training,gr_18,ABC_Braga,-14.73,3.58,topshot_a2cdf6d1aa,73,2026-01-13T22:01:10.914619Z,6,CâmaraTopo
session2,session2,training,gr_13,FC_Porto,-13.85,-0.85,topshot_a6a70cd233,95,2026-01-13T22:01:10.914619Z,3,CâmaraTopo
session2,session2,training,gr_13,FC_Porto,-15.58,-6.13,topshot_045f6e0822,94,2026-01-13T22:01:10.914619Z,3,CâmaraTopo
session2,session2,training,gr_8,SL_Benfica,-13.67,2.98,topshot_75fc3988e9,70,2026-01-13T22:01:10.914619Z,6,CâmaraTopo
session2,session2,training,gr_14,SL_Benfica,-15.33,-4.43,topshot_ef314fdbbe,58,2026-01-13T22:01:10.914619Z,3,CâmaraTopo
session2,session2,training,gr_6,ABC_Braga,-12.88,-2.5,topshot_d1e8ec7330,92,2026-01-13T22:01:10.914619Z,3,CâmaraTopo
session2,session2,training,gr_6,ABC_Braga,-12.8,1.57,topshot_161e3cbf8a,22,2026-01-13T22:01:10.914619Z,6,CâmaraTopo
session2,session2,training,gr_5,ABC_Braga,-13.72,-0.7,topshot_0845050837,46,2026-01-13T22:01:10.914619Z,3,CâmaraTopo
session2,session2,training,gr_2,ABC_Braga,-14.02,0.55,topshot_ae739bf217,3,2026-01-13T22:01:10.914619Z,6,CâmaraTopo
session2,session2,training,gr_15,ABC_Braga,-14.68,-5.42,topshot_0c9c747c18,76,2026-01-13T22:01:10.914619Z,3,CâmaraTopo
session2,session2,training,gr_19,FC_Porto,-14.91,3.5,topshot_f19546b40d,12,2026-01-13T22:01:10.914619Z,6,CâmaraTopo
session2,session2,training,gr_3,SL_Benfica,-12.51,-0.78,topshot_05bbb128da,73,2026-01-13T22:01:10.914619Z,3,CâmaraTopo
session2,session2,training,gr_5,FC_Porto,-14.24,-4.32,topshot_6395068013,64,2026-01-13T22:01:10.914619Z,3,CâmaraTopo
session2,session2,training,gr_19,FC_Porto,-13.72,2.42,topshot_5f5979aeed,59,2026-01-13T22:01:10.914619Z,6,CâmaraTopo
session2,session2,training,gr_10,FC_Porto,-13.4,2.82,topshot_0c7a7957ec,11,2026-01-13T22:01:10.914619Z,6,CâmaraTopo
session2,session2,training,gr_16,SL_Benfica,-13.15,3.07,topshot_8e92182227,50,2026-01-13T22:01:10.914619Z,6,CâmaraTopo
session2,session2,training,gr_19,FC_Porto,-15.81,4.4,topshot_41b4cbeecf,36,2026-01-13T22:01:10.914619Z,6,CâmaraTopo
session2,session2,training,gr_8,SL_Benfica,-13.57,-3.0,topshot_ce136a9e85,16,2026-01-13T22:01:10.914619Z,3,CâmaraTopo
session2,session2,training,gr_9,SL_Benfica,-14.07,1.48,topshot_bd67d7f0b4,53,2026-01-13T22:01:10.914619Z,6,CâmaraTopo
session2,session2,training,gr_11,SL_Benfica,-15.84,4.39,topshot_af4acd9814,74,2026-01-13T22:01:10.914619Z,6,CâmaraTopo
session2,session2,training,gr_13,SL_Benfica,-14.37,4.37,topshot_72ac36244d,57,2026-01-13T22:01:10.914619Z,6,CâmaraTopo
session2,session2,training,gr_5,SL_Benfica,-13.85,1.02,topshot_47159ac132,83,2026-01-13T22:01:10.914619Z,6,CâmaraTopo
session2,session2,training,gr_5,FC_Porto,-12.86,0.41,topshot_65f30dddad,99,2026-01-13T22:01:10.914619Z,6,CâmaraTopo
session2,session2,training,gr_5,FC_Porto,-13.97,3.28,topshot_0b0aad4555,29,2026-01-13T22:01:10.914619Z,6,CâmaraTopo
session2,session2,training,gr_20,SL_Benfica,-13.53,2.17,topshot_27d2a2ee7e,1,2026-01-13T22:01:10.914619Z,6,CâmaraTopo
session2,session2,training,gr_17,ABC_Braga,-13.25,-1.19,topshot_2c6f6b6df7,64,2026-01-13T22:01:10.914619Z,3,CâmaraTopo
session2,session2,training,gr_8,SL_Benfica,-13.63,-0.78,topshot_a56074c18d,82,2026-01-13T22:01:10.914619Z,3,CâmaraTopo
session2,session2,training,gr_11,ABC_Braga,-12.66,-1.91,topshot_adddc8341f,71,2026-01-13T22:01:10.914619Z,3,CâmaraTopo
session2,session2,training,gr_11,SL_Benfica,-13.59,1.86,topshot_15d6b49efe,73,2026-01-13T22:01:10.914619Z,6,CâmaraTopo
session2,session2,training,gr_13,ABC_Braga,-14.02,0.79,topshot_1cbe7b2e7a,5,2026-01-13T22:01:10.914619Z,6,CâmaraTopo
session2,session2,training,gr_8,FC_Porto,-13.55,1.62,topshot_2ffdd71a19,19,2026-01-13T22:01:10.914619Z,6,CâmaraTopo
session2,session2,training,gr_1,ABC_Braga,-13.29,0.58,topshot_b519875e71,93,2026-01-13T22:01:10.914619Z,6,CâmaraTopo
session2,session2,training,gr_5,FC_Porto,-12.88,2.04,topshot_eb66f06cc6,95,2026-01-13T22:01:10.914619Z,6,CâmaraTopo
session2,session2,training,gr_1,FC_Porto,-13.13,1.37,topshot_5812bd7981,34,2026-01-13T22:01:10.914619Z,6,CâmaraTopo
session2,session2,training,gr_12,ABC_Braga,-12.52,0.68,topshot_1414c7ebe2,64,2026-01-13T22:01:10.914619Z,6,CâmaraTopo
session2,session2,training,gr_9,SL_Benfica,-12.59,1.31,topshot_4051b97e33,49,2026-01-13T22:01:10.914619Z,6,CâmaraTopo
session3,session3,training,gr_18,SL_Benfica,-12.96,-0.35,topshot_fd82117600,66,2026-01-13T22:01:10.925662Z,3,CâmaraTopo
session3,session3,training,gr_13,FC_Porto,-12.79,0.28,topshot_ca348f07f2,68,2026-01-13T22:01:10.925662Z,6,CâmaraTopo
session3,session3,training,gr_5,FC_Porto,-14.08,2.94,topshot_8a4850d417,22,2026-01-13T22:01:10.925662Z,6,CâmaraTopo
session3,session3,training,gr_18,ABC_Braga,-13.85,4.11,topshot_ba71b11550,98,2026-01-13T22:01:10.925662Z,6,CâmaraTopo
session3,session3,training,gr_17,ABC_Braga,-15.59,5.72,topshot_2a26655de4,20,2026-01-13T22:01:10.925662Z,6,CâmaraTopo
session3,session3,training,gr_14,SL_Benfica,-14.0,-2.61,topshot_50603d7663,53,2026-01-13T22:01:10.925662Z,3,CâmaraTopo
session3,session3,training,gr_11,FC_Porto,-13.56,0.33,topshot_e80081c219,61,2026-01-13T22:01:10.925662Z,6,CâmaraTopo
session3,session3,training,gr_7,ABC_Braga,-14.01,2.62,topshot_c466fed2f3,62,2026-01-13T22:01:10.925662Z,6,CâmaraTopo
session3,session3,training,gr_12,FC_Porto,-13.65,1.45,topshot_ae1f1e696b,91,2026-01-13T22:01:10.925662Z,6,CâmaraTopo
session3,session3,training,gr_20,SL_Benfica,-15.38,-4.61,topshot_b5ccf1d778,36,2026-01-13T22:01:10.925662Z,3,CâmaraTopo
session3,session3,training,gr_10,FC_Porto,-16.7,5.14,topshot_1e2806281b,50,2026-01-13T22:01:10.926663Z,6,CâmaraTopo
session3,session3,training,gr_15,SL_Benfica,-13.2,2.03,topshot_f0f96e7898,98,2026-01-13T22:01:10.926663Z,6,CâmaraTopo
session3,session3,training,gr_16,SL_Benfica,-13.72,3.52,topshot_3b229e4f40,33,2026-01-13T22:01:10.926663Z,6,CâmaraTopo
session3,session3,training,gr_9,FC_Porto,-14.17,2.94,topshot_a1dc73a72d,53,2026-01-13T22:01:10.926663Z,6,CâmaraTopo
session3,session3,training,gr_14,SL_Benfica,-14.83,5.08,topshot_8ed727fb15,15,2026-01-13T22:01:10.926663Z,6,CâmaraTopo
session3,session3,training,gr_1,ABC_Braga,-13.81,1.56,topshot_8ad9cbeac7,73,2026-01-13T22:01:10.926663Z,6,CâmaraTopo
session3,session3,training,gr_4,SL_Benfica,-14.41,2.89,topshot_6f55f66399,25,2026-01-13T22:01:10.926663Z,6,CâmaraTopo
session3,session3,training,gr_19,SL_Benfica,-14.39,4.73,topshot_4a8ec40688,84,2026-01-13T22:01:10.926663Z,6,CâmaraTopo
session3,session3,training,gr_6,SL_Benfica,-13.59,2.86,topshot_18e5d9b91e,19,2026-01-13T22:01:10.926663Z,6,CâmaraTopo
session3,session3,training,gr_10,FC_Porto,-14.12,4.14,topshot_aeeeb07ff0,77,2026-01-13T22:01:10.926663Z,6,CâmaraTopo
session3,session3,training,gr_17,SL_Benfica,-13.72,2.88,topshot_3f044e44a4,56,2026-01-13T22:01:10.926663Z,6,CâmaraTopo
session3,session3,training,gr_17,ABC_Braga,-13.09,1.39,topshot_941eeb2347,36,2026-01-13T22:01:10.926663Z,6,CâmaraTopo
session3,session3,training,gr_11,ABC_Braga,-14.24,-2.04,topshot_e7999b9375,57,2026-01-13T22:01:10.926663Z,3,CâmaraTopo
session3,session3,training,gr_16,ABC_Braga,-15.06,4.43,topshot_d3df42dc44,45,2026-01-13T22:01:10.926663Z,6,CâmaraTopo
session3,session3,training,gr_19,ABC_Braga,-16.46,5.51,topshot_050b034dc5,51,2026-01-13T22:01:10.926663Z,6,CâmaraTopo
session3,session3,training,gr_13,FC_Porto,-14.0,-2.3,topshot_f73132d3aa,90,2026-01-13T22:01:10.926663Z,3,CâmaraTopo
session3,session3,training,gr_7,SL_Benfica,-14.43,2.77,topshot_37556632be,90,2026-01-13T22:01:10.926663Z,6,CâmaraTopo
session3,session3,training,gr_10,FC_Porto,-13.65,3.73,topshot_6f755688dd,74,2026-01-13T22:01:10.926663Z,6,CâmaraTopo
session3,session3,training,gr_5,FC_Porto,-13.25,3.22,topshot_22ab1fc25e,47,2026-01-13T22:01:10.926663Z,6,CâmaraTopo
session3,session3,training,gr_12,SL_Benfica,-12.86,0.72,topshot_d9ec73a676,93,2026-01-13T22:01:10.926663Z,6,CâmaraTopo
session3,session3,training,gr_1,FC_Porto,-13.89,-1.87,topshot_a3d06f7af9,64,2026-01-13T22:01:10.926663Z,3,CâmaraTopo
session3,session3,training,gr_6,SL_Benfica,-14.46,-2.65,topshot_6b63a698a5,24,2026-01-13T22:01:10.926663Z,3,CâmaraTopo
session3,session3,training,gr_13,SL_Benfica,-13.4,0.92,topshot_c20bca2c03,83,2026-01-13T22:01:10.926663Z,6,CâmaraTopo
session3,session3,training,gr_10,FC_Porto,-14.65,4.23,topshot_91c409cbac,51,2026-01-13T22:01:10.926663Z,6,CâmaraTopo
session3,session3,training,gr_1,SL_Benfica,-15.83,-4.32,topshot_967941a749,44,2026-01-13T22:01:10.926663Z,3,CâmaraTopo
session3,session3,training,gr_19,FC_Porto,-13.94,0.8,topshot_5eb0098a97,89,2026-01-13T22:01:10.926663Z,6,CâmaraTopo
session3,session3,training,gr_6,SL_Benfica,-13.95,2.22,topshot_3bae702293,27,2026-01-13T22:01:10.926663Z,6,CâmaraTopo
session3,session3,training,gr_14,SL_Benfica,-13.13,1.7,topshot_c882f61fe0,80,2026-01-13T22:01:10.926663Z,6,CâmaraTopo
session3,session3,training,gr_15,SL_Benfica,-14.54,3.4,topshot_629ef94e62,45,2026-01-13T22:01:10.926663Z,6,CâmaraTopo
session3,session3,training,gr_16,ABC_Braga,-14.05,-2.87,topshot_4e61f38f47,47,2026-01-13T22:01:10.926663Z,3,CâmaraTopo
session3,session3,training,gr_20,SL_Benfica,-16.31,5.37,topshot_edb42bc517,84,2026-01-13T22:01:10.926663Z,6,CâmaraTopo
session3,session3,training,gr_4,SL_Benfica,-14.53,-4.72,topshot_4d01d9219b,53,2026-01-13T22:01:10.926663Z,3,CâmaraTopo
session3,session3,training,gr_19,SL_Benfica,-13.72,0.15,topshot_30c1fc2858,99,2026-01-13T22:01:10.926663Z,6,CâmaraTopo
session3,session3,training,gr_2,SL_Benfica,-13.02,0.2,topshot_d1dcad87e9,52,2026-01-13T22:01:10.926663Z,6,CâmaraTopo
session3,session3,training,gr_9,SL_Benfica,-15.85,5.72,topshot_ca8d66cbb0,59,2026-01-13T22:01:10.926663Z,6,CâmaraTopo
session3,session3,training,gr_10,FC_Porto,-14.75,5.18,topshot_0b4f411403,34,2026-01-13T22:01:10.926663Z,6,CâmaraTopo
session3,session3,training,gr_9,FC_Porto,-16.31,5.21,topshot_52e7e52002,69,2026-01-13T22:01:10.926663Z,6,CâmaraTopo
session3,session3,training,gr_6,SL_Benfica,-13.94,3.02,topshot_348301efd9,47,2026-01-13T22:01:10.926663Z,6,CâmaraTopo
session3,session3,training,gr_1,FC_Porto,-13.84,3.01,topshot_1be49ee813,96,2026-01-13T22:01:10.926663Z,6,CâmaraTopo
session3,session3,training,gr_16,SL_Benfica,-14.99,4.12,topshot_ccf4bf88b1,65,2026-01-13T22:01:10.926663Z,6,CâmaraTopo
session3,session3,training,gr_17,SL_Benfica,-12.76,0.59,topshot_bb78bcdc76,81,2026-01-13T22:01:10.926663Z,6,CâmaraTopo
session3,session3,training,gr_8,ABC_Braga,-13.0,0.6,topshot_971953057d,95,2026-01-13T22:01:10.926663Z,6,CâmaraTopo
session3,session3,training,gr_15,FC_Porto,-15.32,5.98,topshot_6e65428080,92,2026-01-13T22:01:10.926663Z,6,CâmaraTopo
session3,session3,training,gr_10,ABC_Braga,-13.1,1.89,topshot_4595820df1,72,2026-01-13T22:01:10.926663Z,6,CâmaraTopo
session3,session3,training,gr_16,SL_Benfica,-12.91,0.88,topshot_c7a1a9e1f2,48,2026-01-13T22:01:10.926663Z,6,CâmaraTopo
session3,session3,training,gr_1,ABC_Braga,-13.01,-1.48,topshot_d6906ea180,78,2026-01-13T22:01:10.926663Z,3,CâmaraTopo
session3,session3,training,gr_4,ABC_Braga,-12.76,1.07,topshot_bffc3800a3,10,2026-01-13T22:01:10.926663Z,6,CâmaraTopo
session3,session3,training,gr_19,FC_Porto,-13.4,0.33,topshot_7791c73d50,35,2026-01-13T22:01:10.926663Z,6,CâmaraTopo
session3,session3,training,gr_17,SL_Benfica,-13.05,0.26,topshot_c95ea1fd82,41,2026-01-13T22:01:10.926663Z,6,CâmaraTopo
session3,session3,training,gr_12,FC_Porto,-14.48,2.78,topshot_32602c0a99,31,2026-01-13T22:01:10.926663Z,6,CâmaraTopo
session3,session3,training,gr_14,SL_Benfica,-13.01,1.03,topshot_46fb82d75b,52,2026-01-13T22:01:10.926663Z,6,CâmaraTopo
session3,session3,training,gr_8,SL_Benfica,-13.53,1.11,topshot_8be85a820c,87,2026-01-13T22:01:10.926663Z,6,CâmaraTopo
session3,session3,training,gr_2,SL_Benfica,-12.93,-0.9,topshot_1652285149,17,2026-01-13T22:01:10.926663Z,3,CâmaraTopo
session3,session3,training,gr_18,ABC_Braga,-13.81,-0.53,topshot_07f324e1a5,35,2026-01-13T22:01:10.926663Z,3,CâmaraTopo
session3,session3,training,gr_12,ABC_Braga,-13.2,2.51,topshot_9ae296bdd7,97,2026-01-13T22:01:10.926663Z,6,CâmaraTopo
session3,session3,training,gr_10,ABC_Braga,-13.33,1.03,topshot_b048a4c18e,64,2026-01-13T22:01:10.926663Z,6,CâmaraTopo
session3,session3,training,gr_8,SL_Benfica,-13.36,-0.36,topshot_073345e68f,62,2026-01-13T22:01:10.926663Z,3,CâmaraTopo
session3,session3,training,gr_1,ABC_Braga,-13.1,2.72,topshot_faf9a9cac4,91,2026-01-13T22:01:10.926663Z,6,CâmaraTopo
session3,session3,training,gr_14,SL_Benfica,-12.94,0.46,topshot_9fb6017ab9,72,2026-01-13T22:01:10.926663Z,6,CâmaraTopo
session3,session3,training,gr_13,ABC_Braga,-13.49,3.32,topshot_a4b3fc2d37,66,2026-01-13T22:01:10.926663Z,6,CâmaraTopo
session3,session3,training,gr_14,ABC_Braga,-13.83,1.16,topshot_39b38456cc,94,2026-01-13T22:01:10.926663Z,6,CâmaraTopo
session3,session3,training,gr_17,FC_Porto,-16.03,4.65,topshot_a8ba145c37,50,2026-01-13T22:01:10.926663Z,6,CâmaraTopo
session3,session3,training,gr_3,SL_Benfica,-14.07,1.83,topshot_eb71cc798f,81,2026-01-13T22:01:10.926663Z,6,CâmaraTopo
session3,session3,training,gr_11,ABC_Braga,-15.34,5.29,topshot_497645a90f,49,2026-01-13T22:01:10.926663Z,6,CâmaraTopo
session3,session3,training,gr_18,FC_Porto,-14.48,2.67,topshot_01893f4ab2,19,2026-01-13T22:01:10.926663Z,6,CâmaraTopo
session3,session3,training,gr_20,SL_Benfica,-13.13,2.62,topshot_68ce780493,51,2026-01-13T22:01:10.926663Z,6,CâmaraTopo
session3,session3,training,gr_9,SL_Benfica,-14.52,-3.34,topshot_6b90569802,48,2026-01-13T22:01:10.926663Z,3,CâmaraTopo
session3,session3,training,gr_11,ABC_Braga,-13.54,-2.96,topshot_ee990684e1,28,2026-01-13T22:01:10.926663Z,3,CâmaraTopo
session3,session3,training,gr_14,FC_Porto,-13.04,1.41,topshot_eec0d4acef,39,2026-01-13T22:01:10.926663Z,6,CâmaraTopo
session3,session3,training,gr_18,SL_Benfica,-15.68,5.82,topshot_7c8c906792,64,2026-01-13T22:01:10.926663Z,6,CâmaraTopo
session4,session4,training,gr_1,ABC_Braga,-14.13,1.29,topshot_3d483278d6,58,2026-01-13T22:01:10.937687Z,6,CâmaraTopo
session4,session4,training,gr_2,ABC_Braga,-13.65,1.32,topshot_fe99deafa9,7,2026-01-13T22:01:10.937687Z,6,CâmaraTopo
session4,session4,training,gr_15,ABC_Braga,-13.25,1.28,topshot_1b5b722f34,77,2026-01-13T22:01:10.937687Z,6,CâmaraTopo
session4,session4,training,gr_10,SL_Benfica,-15.94,6.33,topshot_af48abb275,89,2026-01-13T22:01:10.937687Z,6,CâmaraTopo
session4,session4,training,gr_4,SL_Benfica,-13.36,-2.28,topshot_a8acad66e9,25,2026-01-13T22:01:10.937687Z,3,CâmaraTopo
session4,session4,training,gr_5,ABC_Braga,-14.0,1.34,topshot_68c4c814e8,14,2026-01-13T22:01:10.937687Z,6,CâmaraTopo
session4,session4,training,gr_18,ABC_Braga,-14.44,3.5,topshot_976be0bdb9,31,2026-01-13T22:01:10.937687Z,6,CâmaraTopo
session4,session4,training,gr_9,SL_Benfica,-13.66,3.33,topshot_e2563918ea,23,2026-01-13T22:01:10.937687Z,6,CâmaraTopo
session4,session4,training,gr_16,ABC_Braga,-14.0,4.51,topshot_8f14fcb959,81,2026-01-13T22:01:10.937687Z,6,CâmaraTopo
session4,session4,training,gr_5,SL_Benfica,-13.61,0.09,topshot_05a8fc65aa,32,2026-01-13T22:01:10.937687Z,6,CâmaraTopo
session4,session4,training,gr_18,SL_Benfica,-12.63,1.62,topshot_face4c027e,57,2026-01-13T22:01:10.937687Z,6,CâmaraTopo
session4,session4,training,gr_20,FC_Porto,-12.77,0.14,topshot_eb730a0b4a,26,2026-01-13T22:01:10.937687Z,6,CâmaraTopo
session4,session4,training,gr_16,SL_Benfica,-13.14,0.21,topshot_160de2a701,18,2026-01-13T22:01:10.937687Z,6,CâmaraTopo
session4,session4,training,gr_10,FC_Porto,-14.44,-2.56,topshot_cdbec8c8f7,7,2026-01-13T22:01:10.937687Z,3,CâmaraTopo
session4,session4,training,gr_7,FC_Porto,-14.03,0.86,topshot_7c55306340,5,2026-01-13T22:01:10.937687Z,6,CâmaraTopo
session4,session4,training,gr_20,FC_Porto,-12.97,1.0,topshot_20d51f8178,64,2026-01-13T22:01:10.937687Z,6,CâmaraTopo
session4,session4,training,gr_5,SL_Benfica,-13.57,3.94,topshot_2558f61591,36,2026-01-13T22:01:10.937687Z,6,CâmaraTopo
session4,session4,training,gr_12,SL_Benfica,-15.21,4.08,topshot_87579ed54a,9,2026-01-13T22:01:10.937687Z,6,CâmaraTopo
session4,session4,training,gr_19,FC_Porto,-14.32,3.55,topshot_b447d479b3,27,2026-01-13T22:01:10.937687Z,6,CâmaraTopo
session4,session4,training,gr_8,FC_Porto,-13.94,3.04,topshot_be49aad344,71,2026-01-13T22:01:10.937687Z,6,CâmaraTopo
session4,session4,training,gr_2,SL_Benfica,-12.59,0.34,topshot_5e6e8c9612,24,2026-01-13T22:01:10.937687Z,6,CâmaraTopo
session4,session4,training,gr_15,FC_Porto,-13.01,0.85,topshot_c7740ed45a,30,2026-01-13T22:01:10.937687Z,6,CâmaraTopo
session4,session4,training,gr_20,FC_Porto,-16.69,5.16,topshot_8abb1baccf,48,2026-01-13T22:01:10.937687Z,6,CâmaraTopo
session4,session4,training,gr_14,FC_Porto,-13.19,1.27,topshot_52a167fb6e,75,2026-01-13T22:01:10.937687Z,6,CâmaraTopo
session4,session4,training,gr_3,FC_Porto,-13.08,0.61,topshot_ab95ee2d9a,25,2026-01-13T22:01:10.937687Z,6,CâmaraTopo
session4,session4,training,gr_1,SL_Benfica,-14.71,3.02,topshot_57c75fe802,84,2026-01-13T22:01:10.937687Z,6,CâmaraTopo
session4,session4,training,gr_10,FC_Porto,-13.11,0.05,topshot_6f62c171b7,37,2026-01-13T22:01:10.937687Z,6,CâmaraTopo
session4,session4,training,gr_14,ABC_Braga,-12.97,1.15,topshot_1dfe046018,99,2026-01-13T22:01:10.937687Z,6,CâmaraTopo
session4,session4,training,gr_9,FC_Porto,-15.08,4.88,topshot_2e9c3b8cff,36,2026-01-13T22:01:10.937687Z,6,CâmaraTopo
session4,session4,training,gr_10,ABC_Braga,-13.97,-0.53,topshot_8ebdddee49,75,2026-01-13T22:01:10.937687Z,3,CâmaraTopo
session4,session4,training,gr_12,ABC_Braga,-13.43,1.09,topshot_afba2934e6,96,2026-01-13T22:01:10.937687Z,6,CâmaraTopo
session4,session4,training,gr_14,SL_Benfica,-12.91,0.71,topshot_4793412f7d,40,2026-01-13T22:01:10.937687Z,6,CâmaraTopo
session4,session4,training,gr_14,ABC_Braga,-15.59,5.53,topshot_906280317e,52,2026-01-13T22:01:10.937687Z,6,CâmaraTopo
session4,session4,training,gr_1,SL_Benfica,-15.99,5.95,topshot_eef3203177,9,2026-01-13T22:01:10.937687Z,6,CâmaraTopo
session4,session4,training,gr_16,ABC_Braga,-13.23,0.41,topshot_76600fe00a,19,2026-01-13T22:01:10.937687Z,6,CâmaraTopo
session4,session4,training,gr_16,FC_Porto,-14.99,3.94,topshot_fac4e93221,60,2026-01-13T22:01:10.937687Z,6,CâmaraTopo
session4,session4,training,gr_2,FC_Porto,-14.59,5.03,topshot_6b3043bd49,26,2026-01-13T22:01:10.937687Z,6,CâmaraTopo
session4,session4,training,gr_18,ABC_Braga,-12.66,1.05,topshot_20ceb35013,18,2026-01-13T22:01:10.937687Z,6,CâmaraTopo
session4,session4,training,gr_15,ABC_Braga,-13.43,-1.84,topshot_80ff2ea5c3,68,2026-01-13T22:01:10.937687Z,3,CâmaraTopo
session4,session4,training,gr_11,ABC_Braga,-13.8,3.44,topshot_8222128b91,16,2026-01-13T22:01:10.937687Z,6,CâmaraTopo
session4,session4,training,gr_19,SL_Benfica,-14.47,2.6,topshot_86b4cb5427,32,2026-01-13T22:01:10.937687Z,6,CâmaraTopo
session4,session4,training,gr_16,ABC_Braga,-14.51,4.68,topshot_54ec1f67df,10,2026-01-13T22:01:10.937687Z,6,CâmaraTopo
session4,session4,training,gr_17,SL_Benfica,-15.9,6.38,topshot_23f16d751a,21,2026-01-13T22:01:10.937687Z,6,CâmaraTopo
session4,session4,training,gr_19,SL_Benfica,-13.2,2.51,topshot_6b499964b8,87,2026-01-13T22:01:10.937687Z,6,CâmaraTopo
session4,session4,training,gr_18,ABC_Braga,-15.47,5.76,topshot_92ddf4b97d,66,2026-01-13T22:01:10.937687Z,6,CâmaraTopo
session4,session4,training,gr_8,FC_Porto,-12.8,1.11,topshot_445625d4cb,54,2026-01-13T22:01:10.937687Z,6,CâmaraTopo
session4,session4,training,gr_2,ABC_Braga,-15.29,4.45,topshot_5d5127bc39,17,2026-01-13T22:01:10.937687Z,6,CâmaraTopo
session4,session4,training,gr_18,ABC_Braga,-14.11,2.08,topshot_3d81f3bcee,58,2026-01-13T22:01:10.937687Z,6,CâmaraTopo
session4,session4,training,gr_17,SL_Benfica,-14.02,1.06,topshot_e0742ae7c8,55,2026-01-13T22:01:10.937687Z,6,CâmaraTopo
session4,session4,training,gr_10,FC_Porto,-13.06,2.17,topshot_9fd5eb1dff,78,2026-01-13T22:01:10.937687Z,6,CâmaraTopo
session4,session4,training,gr_1,ABC_Braga,-15.12,4.9,topshot_db61ad4191,86,2026-01-13T22:01:10.937687Z,6,CâmaraTopo
session4,session4,training,gr_10,FC_Porto,-14.11,1.95,topshot_c7b2f23da3,64,2026-01-13T22:01:10.937687Z,6,CâmaraTopo
session4,session4,training,gr_7,SL_Benfica,-13.6,0.27,topshot_01882dad44,40,2026-01-13T22:01:10.937687Z,6,CâmaraTopo
session4,session4,training,gr_2,ABC_Braga,-14.43,2.73,topshot_82cac8b1e0,38,2026-01-13T22:01:10.937687Z,6,CâmaraTopo
session4,session4,training,gr_1,ABC_Braga,-12.71,0.93,topshot_29f93d90fe,2,2026-01-13T22:01:10.937687Z,6,CâmaraTopo
session4,session4,training,gr_11,SL_Benfica,-13.13,1.36,topshot_103db625f3,43,2026-01-13T22:01:10.937687Z,6,CâmaraTopo
session4,session4,training,gr_15,FC_Porto,-12.56,1.22,topshot_b14e8579d6,39,2026-01-13T22:01:10.937687Z,6,CâmaraTopo
session4,session4,training,gr_12,SL_Benfica,-13.13,1.77,topshot_60e48292a3,97,2026-01-13T22:01:10.937687Z,6,CâmaraTopo
session4,session4,training,gr_15,ABC_Braga,-12.87,1.91,topshot_09a6242d47,85,2026-01-13T22:01:10.937687Z,6,CâmaraTopo
session4,session4,training,gr_17,FC_Porto,-15.03,-3.6,topshot_72a98f27f4,98,2026-01-13T22:01:10.937687Z,3,CâmaraTopo
session4,session4,training,gr_19,FC_Porto,-14.33,3.92,topshot_2aa4f6c878,64,2026-01-13T22:01:10.937687Z,6,CâmaraTopo
session4,session4,training,gr_16,SL_Benfica,-14.89,4.99,topshot_a9eb4155f0,61,2026-01-13T22:01:10.937687Z,6,CâmaraTopo
session4,session4,training,gr_16,SL_Benfica,-12.73,1.71,topshot_62b6c04e18,85,2026-01-13T22:01:10.937687Z,6,CâmaraTopo
session4,session4,training,gr_7,FC_Porto,-14.09,-1.59,topshot_066f55ca1c,69,2026-01-13T22:01:10.937687Z,3,CâmaraTopo
session4,session4,training,gr_6,ABC_Braga,-13.28,-0.43,topshot_d5c562dc0e,36,2026-01-13T22:01:10.937687Z,3,CâmaraTopo
session4,session4,training,gr_4,FC_Porto,-13.2,0.43,topshot_14c599f1e5,33,2026-01-13T22:01:10.937687Z,6,CâmaraTopo
session4,session4,training,gr_17,SL_Benfica,-13.99,2.51,topshot_fad22b1f5a,66,2026-01-13T22:01:10.937687Z,6,CâmaraTopo
session4,session4,training,gr_15,FC_Porto,-14.44,4.72,topshot_408911aed9,29,2026-01-13T22:01:10.937687Z,6,CâmaraTopo
session4,session4,training,gr_19,FC_Porto,-12.48,-0.56,topshot_3fdc8ddf1b,52,2026-01-13T22:01:10.937687Z,3,CâmaraTopo
session4,session4,training,gr_11,FC_Porto,-14.2,2.95,topshot_f5e40abb1b,25,2026-01-13T22:01:10.937687Z,6,CâmaraTopo
session4,session4,training,gr_12,SL_Benfica,-13.76,-1.35,topshot_596c8b9fbe,40,2026-01-13T22:01:10.937687Z,3,CâmaraTopo
session4,session4,training,gr_8,FC_Porto,-13.14,1.2,topshot_00aadd5b5f,24,2026-01-13T22:01:10.937687Z,6,CâmaraTopo
session4,session4,training,gr_1,SL_Benfica,-13.42,-1.33,topshot_a3bb27c0e7,30,2026-01-13T22:01:10.937687Z,3,CâmaraTopo
session4,session4,training,gr_2,FC_Porto,-12.65,0.38,topshot_f4b59ebbeb,60,2026-01-13T22:01:10.937687Z,6,CâmaraTopo
session4,session4,training,gr_3,SL_Benfica,-12.46,-0.3,topshot_6544f9b215,26,2026-01-13T22:01:10.937687Z,3,CâmaraTopo
session4,session4,training,gr_2,SL_Benfica,-13.27,2.6,topshot_f132bbfcb9,98,2026-01-13T22:01:10.937687Z,6,CâmaraTopo
session4,session4,training,gr_14,SL_Benfica,-14.11,-4.64,topshot_3f80f79550,60,2026-01-13T22:01:10.937687Z,3,CâmaraTopo
session4,session4,training,gr_2,SL_Benfica,-15.28,5.9,topshot_bed76e9fb8,18,2026-01-13T22:01:10.937687Z,6,CâmaraTopo
session4,session4,training,gr_1,SL_Benfica,-14.59,4.58,topshot_b7511d4c01,3,2026-01-13T22:01:10.937687Z,6,CâmaraTopo
session4,session4,training,gr_4,FC_Porto,-12.45,0.64,topshot_366e45d0b0,57,2026-01-13T22:01:10.937687Z,6,CâmaraTopo
